insert into Game (
        Game_ID,
        Game_name,
        Game_age_rating,
        Game_release_date,
        Game_DLC
    )
values (
        1,
        'The Witcher 3: Wild Hunt',
        'Mature',
        '2015-05-19',
        'Yes'
    ),
    (2, 'Fortnite', 'Teen', '2017-07-25', 'Yes'),
    (
        3,
        'The Legend of Zelda: Breath of the Wild',
        'Everyone 10+',
        '2017-03-03',
        'Yes'
    ),
    (
        4,
        'Grand Theft Auto V',
        'Mature',
        '2013-09-17',
        'Yes'
    ),
    (5, 'Minecraft', 'Everyone', '2011-11-18', 'Yes'),
    (6, 'Overwatch', 'Teen', '2016-05-24', 'Yes'),
    (
        7,
        'Red Dead Redemption 2',
        'Mature',
        '2018-10-26',
        'Yes'
    ),
    (
        8,
        'Cyberpunk 2077',
        'Mature',
        '2020-12-10',
        'Yes'
    ),
    (9, 'Among Us', 'Everyone', '2018-06-15', 'Yes'),
    (
        10,
        'Animal Crossing: New Horizons',
        'Everyone',
        '2020-03-20',
        'Yes'
    ),
    (11, 'Valorant', 'Teen', '2020-06-02', 'Yes'),
    (12, 'The Sims 4', 'Teen', '2014-09-02', 'Yes'),
    (13, 'Apex Legends', 'Teen', '2019-02-04', 'Yes'),
    (
        14,
        'League of Legends',
        'Teen',
        '2009-10-27',
        'Yes'
    ),
    (
        15,
        'Call of Duty: Warzone',
        'Mature',
        '2020-03-10',
        'Yes'
    ),
    (
        16,
        'Super Smash Bros. Ultimate',
        'Everyone 10+',
        '2018-12-07',
        'Yes'
    ),
    (
        17,
        'Rocket League',
        'Everyone',
        '2015-07-07',
        'Yes'
    ),
    (18, 'Destiny 2', 'Teen', '2017-09-06', 'Yes'),
    (
        19,
        'Assassins Creed Odyssey',
        'Mature',
        '2018-10-05',
        'Yes'
    ),
    (
        20,
        'Horizon Zero Dawn',
        'Teen',
        '2017-02-28',
        'Yes'
    ),
    (
        21,
        'Dark Souls III',
        'Mature',
        '2016-04-12',
        'Yes'
    ),
    (
        22,
        'Stardew Valley',
        'Everyone',
        '2016-02-26',
        'Yes'
    ),
    (
        23,
        'Ghost of Tsushima',
        'Mature',
        '2020-07-17',
        'Yes'
    ),
    (
        24,
        'Battlefield 2042',
        'Mature',
        '2021-11-19',
        'Yes'
    ),
    (25, 'Celeste', 'Everyone', '2018-01-25', 'Yes'),
    (
        26,
        'Monster Hunter: World',
        'Teen',
        '2018-01-26',
        'Yes'
    ),
    (
        27,
        'DOOM Eternal',
        'Mature',
        '2020-03-20',
        'Yes'
    ),
    (28, 'Hades', 'Teen', '2020-09-17', 'No'),
    (
        29,
        'Fall Guys: Ultimate Knockout',
        'Everyone',
        '2020-08-04',
        'Yes'
    ),
    (
        30,
        'Resident Evil Village',
        'Mature',
        '2021-05-07',
        'Yes'
    ),
    (
        31,
        'Death Stranding',
        'Mature',
        '2019-11-08',
        'Yes'
    ),
    (
        32,
        'Genshin Impact',
        'Teen',
        '2020-09-28',
        'Yes'
    ),
    (33, 'Control', 'Mature', '2019-08-27', 'Yes'),
    (
        34,
        'Slay the Spire',
        'Everyone',
        '2019-01-23',
        'Yes'
    ),
    (
        35,
        'Disco Elysium',
        'Mature',
        '2019-10-15',
        'Yes'
    ),
    (
        36,
        'Ori and the Will of the Wisps',
        'Everyone 10+',
        '2020-03-11',
        'No'
    ),
    (37, 'Valheim', 'Teen', '2021-02-02', 'No'),
    (38, 'No Mans Sky', 'Teen', '2016-08-09', 'Yes'),
    (39, 'Phasmophobia', 'Teen', '2020-09-18', 'Yes'),
    (
        40,
        'Half-Life: Alyx',
        'Mature',
        '2020-03-23',
        'No'
    ),
    (41, 'Outer Wilds', 'Teen', '2019-05-30', 'No'),
    (
        42,
        'Disco Elysium: The Final Cut',
        'Mature',
        '2021-03-30',
        'No'
    ),
    (
        43,
        'Star Wars Jedi: Fallen Order',
        'Teen',
        '2019-11-15',
        'Yes'
    ),
    (44, 'Persona 5', 'Mature', '2017-04-04', 'Yes'),
    (
        45,
        'Subnautica',
        'Everyone',
        '2018-01-23',
        'Yes'
    ),
    (46, 'It Takes Two', 'Teen', '2021-03-26', 'No'),
    (
        47,
        'Octopath Traveler',
        'Teen',
        '2018-07-13',
        'No'
    ),
    (48, 'RimWorld', 'Teen', '2018-10-17', 'No'),
    (
        49,
        'Nier: Automata',
        'Mature',
        '2017-02-23',
        'Yes'
    ),
    (
        50,
        'Little Nightmares II',
        'Teen',
        '2021-02-11',
        'Yes'
    ),
    (51, 'Deathloop', 'Mature', '2021-09-14', 'No'),
    (52, 'Factorio', 'Everyone', '2020-08-14', 'No'),
    (
        53,
        'Pillars of Eternity II: Deadfire',
        'Mature',
        '2018-05-08',
        'Yes'
    ),
    (
        54,
        'Kingdom Come: Deliverance',
        'Mature',
        '2018-02-13',
        'Yes'
    ),
    (
        55,
        'The Outer Worlds',
        'Mature',
        '2019-10-25',
        'Yes'
    ),
    (
        56,
        'A Plague Tale: Innocence',
        'Mature',
        '2019-05-14',
        'No'
    ),
    (57, 'Metroid Dread', 'Teen', '2021-10-08', 'No'),
    (
        58,
        'Disco Elysium: The Final Cut',
        'Mature',
        '2021-03-30',
        'No'
    ),
    (59, 'Valheim', 'Teen', '2021-02-02', 'No'),
    (
        60,
        'Death Stranding',
        'Mature',
        '2019-11-08',
        'Yes'
    ),
    (
        61,
        'Fire Emblem: Three Houses',
        'Teen',
        '2019-07-26',
        'Yes'
    ),
    (
        62,
        'Dying Light 2',
        'Mature',
        '2022-02-04',
        'No'
    ),
    (63, 'Sable', 'Everyone', '2021-09-23', 'No'),
    (64, 'Loop Hero', 'Teen', '2021-03-04', 'No'),
    (
        65,
        'Back 4 Blood',
        'Mature',
        '2021-10-12',
        'Yes'
    ),
    (66, 'Scarlet Nexus', 'Teen', '2021-06-25', 'Yes'),
    (67, 'F1 2021', 'Everyone', '2021-07-16', 'No'),
    (68, 'Chivalry 2', 'Mature', '2021-06-08', 'No'),
    (69, 'The Medium', 'Mature', '2021-01-28', 'No'),
    (
        70,
        'Little Nightmares II',
        'Teen',
        '2021-02-11',
        'Yes'
    ),
    (
        71,
        'Crash Bandicoot 4: Its About Time',
        'Everyone 10+',
        '2020-10-02',
        'Yes'
    ),
    (
        72,
        'Microsoft Flight Simulator',
        'Everyone',
        '2020-08-18',
        'Yes'
    ),
    (
        73,
        'Tony Hawks Pro Skater 1+2',
        'Teen',
        '2020-09-04',
        'Yes'
    ),
    (74, 'Spiritfarer', 'Teen', '2020-08-18', 'Yes'),
    (
        75,
        'Desperados III',
        'Mature',
        '2020-06-16',
        'Yes'
    ),
    (
        76,
        'Ratchet & Clank: Rift Apart',
        'Everyone 10+',
        '2021-06-11',
        'No'
    ),
    (
        77,
        'Resident Evil 3 Remake',
        'Mature',
        '2020-04-03',
        'No'
    ),
    (78, 'Ghostrunner', 'Mature', '2020-10-27', 'No'),
    (
        79,
        'Marvels Avengers',
        'Teen',
        '2020-09-04',
        'Yes'
    ),
    (80, 'Carrion', 'Mature', '2020-07-23', 'No'),
    (
        81,
        'Manifold Garden',
        'Everyone',
        '2019-10-18',
        'No'
    ),
    (
        82,
        'The Last of Us Part II',
        'Mature',
        '2020-06-19',
        'No'
    ),
    (
        83,
        'Animal Crossing: New Horizons',
        'Everyone',
        '2020-03-20',
        'Yes'
    ),
    (
        84,
        'Call of Duty: Black Ops Cold War',
        'Mature',
        '2020-11-13',
        'Yes'
    ),
    (
        85,
        'Demons Souls Remake',
        'Mature',
        '2020-11-12',
        'No'
    ),
    (86, 'Fuser', 'Teen', '2020-11-10', 'Yes'),
    (
        87,
        'Mortal Kombat 11',
        'Mature',
        '2019-04-23',
        'Yes'
    ),
    (88, 'Control', 'Mature', '2019-08-27', 'Yes'),
    (
        89,
        'Final Fantasy VII Remake',
        'Teen',
        '2020-04-10',
        'Yes'
    ),
    (
        90,
        'Hellblade: Senuas Sacrifice',
        'Mature',
        '2017-08-08',
        'No'
    ),
    (91, 'New World', 'Mature', '2021-09-28', 'No'),
    (
        92,
        'Subnautica: Below Zero',
        'Everyone',
        '2021-05-14',
        'No'
    ),
    (
        93,
        'Forza Horizon 5',
        'Everyone',
        '2021-11-09',
        'Yes'
    ),
    (94, 'Returnal', 'Mature', '2021-04-30', 'No');
insert into Tag (Tag_ID, Tag_name)
values (1, 'Action'),
    (2, 'Adventure'),
    (3, 'Anime'),
    (4, 'Building'),
    (5, 'Co-op'),
    (6, 'Competitive'),
    (7, 'Crafting'),
    (8, 'Exploration'),
    (9, 'Fantasy'),
    (10, 'FPS'),
    (11, 'Free to Play'),
    (12, 'Hack and Slash'),
    (13, 'Horror'),
    (14, 'Indie'),
    (15, 'JRPG'),
    (16, 'Management'),
    (17, 'MMORPG'),
    (18, 'MOBA'),
    (19, 'Multiplayer'),
    (20, 'Open-Ended'),
    (21, 'Open-World'),
    (22, 'Platformer'),
    (23, 'Puzzle'),
    (24, 'Racing'),
    (25, 'Roguelike'),
    (26, 'Role-Playing'),
    (27, 'RPG'),
    (28, 'Sandbox'),
    (29, 'Sci-Fi'),
    (30, 'Shooter'),
    (31, 'Simulation'),
    (32, 'Single Player'),
    (33, 'Social-Deduction'),
    (34, 'Sports'),
    (35, 'Stealth'),
    (36, 'Story-Driven'),
    (37, 'Strategy'),
    (38, 'SuperNatural'),
    (39, 'Survival'),
    (40, 'VR');
insert into Engine (Engine_ID, Engine_Name)
values (1, '343 Industries'),
    (2, 'Adventure Game Studio'),
    (3, 'Anvil'),
    (4, 'Anvil Engine'),
    (5, 'Asobo Engine'),
    (6, 'Bethesda Game Studios'),
    (7, 'BioWare'),
    (8, 'Blizzard Engine'),
    (9, 'Blizzard Entertainment'),
    (10, 'Bluepoint Engine'),
    (11, 'Bungie'),
    (12, 'C Engine'),
    (13, 'Capcom'),
    (14, 'CD Projekt Red'),
    (15, 'Cocos2d'),
    (16, 'Construct'),
    (17, 'Construct 3'),
    (18, 'Corona SDK'),
    (19, 'CryEngine'),
    (20, 'Crystal Dynamics'),
    (21, 'Crystal Dynamics Engine'),
    (22, 'Custom'),
    (23, 'Custom Engine'),
    (24, 'Decima'),
    (25, 'Dontnod Entertainment'),
    (26, 'EGO Engine'),
    (27, 'Electronic Arts (EA)'),
    (28, 'Epic Games'),
    (29, 'Firaxis Games'),
    (30, 'FromSoftware'),
    (31, 'Frontier Developments'),
    (32, 'Frostbite'),
    (33, 'GameMaker Studio'),
    (34, 'Gearbox Software'),
    (35, 'Godot Engine'),
    (36, 'Guerrilla Games'),
    (37, 'Hangar 13'),
    (38, 'Harmonix'),
    (39, 'Havok'),
    (40, 'Havok, PhyreEngine'),
    (41, 'Hello Games'),
    (42, 'id Software'),
    (43, 'id Tech 7'),
    (44, 'Insomniac Engine'),
    (45, 'Insomniac Games'),
    (46, 'IW Engine'),
    (47, 'Java, Bedrock'),
    (48, 'Klei Entertainment'),
    (49, 'Kojima Productions'),
    (50, 'Konami'),
    (51, 'LibGDX'),
    (52, 'Lumberyard'),
    (53, 'Marmalade'),
    (54, 'Mojang Studios'),
    (55, 'MonoGame'),
    (56, 'Monolith Productions'),
    (57, 'MT Framework'),
    (58, 'Naughty Dog'),
    (59, 'Naughty Dog Engine'),
    (60, 'NetherRealm Studios'),
    (61, 'Night School Studio'),
    (62, 'Nintendo'),
    (63, 'Nintendo EAD'),
    (64, 'Northlight'),
    (65, 'Northlight Engine'),
    (66, 'Obsidian Entertainment'),
    (67, 'OGRE'),
    (68, 'Phaser'),
    (69, 'PlatinumGames'),
    (70, 'PlatinumGames Engine'),
    (71, 'Playdead'),
    (72, 'Playground Games'),
    (73, 'RAGE'),
    (74, 'Raven Software'),
    (75, 'RE Engine'),
    (76, 'REDengine 3'),
    (77, 'REDengine 4'),
    (78, 'Remedy Entertainment'),
    (79, 'Respawn Entertainment'),
    (80, 'Retro Studios'),
    (81, 'Riot Engine'),
    (82, 'Rockstar Games'),
    (83, 'RPG Maker'),
    (84, 'Sega'),
    (85, 'Source 2'),
    (86, 'Source Engine'),
    (87, 'Square Enix'),
    (88, 'Sucker Punch Productions'),
    (89, 'Supermassive Games'),
    (90, 'Team17'),
    (91, 'The Creative Assembly'),
    (92, 'Tiger Engine'),
    (93, 'Treyarch'),
    (94, 'Ubisoft'),
    (95, 'Unity'),
    (96, 'Unreal Engine'),
    (97, 'Unreal Engine 3'),
    (98, 'Unreal Engine 4'),
    (99, 'Valve Corporation'),
    (100, 'Void Engine'),
    (101, 'XNA'),
    (102, 'Yacht Club Games'),
    (103, 'ZeniMax Online Studios');
insert into Devices (Devices_ID, Devices_Name, Devices_Type)
values (1, 'Windows', 'PC'),
    (2, 'Mac', 'PC'),
    (3, 'Linux', 'PC'),
    (4, 'PS1', 'Console'),
    (5, 'PS2', 'Console'),
    (6, 'PS3', 'Console'),
    (7, 'PS4', 'Console'),
    (8, 'PS5', 'Console'),
    (9, 'Xbox', 'Console'),
    (10, 'Xbox 360', 'Console'),
    (11, 'Xbox One', 'Console'),
    (12, 'Xbox Series S', 'Console'),
    (13, 'Xbox Series X', 'Console'),
    (14, 'NES', 'Console'),
    (15, 'SNES', 'Console'),
    (16, 'N64', 'Console'),
    (17, 'GameCube', 'Console'),
    (18, 'Wii', 'Console'),
    (19, 'Wii U', 'Handheld device'),
    (20, 'Nintendo Switch', 'Handheld device'),
    (21, 'Nintendo Switch Lite', 'Handheld device'),
    (22, 'GameBoy', 'Handheld device'),
    (23, 'GameBoy Color', 'Handheld device'),
    (24, 'Meta Quest 2', 'VR headset'),
    (25, 'Android', 'Handheld device'),
    (26, 'iOS', 'Handheld device'),
    (27, 'Sega DreamCast', 'Console'),
    (28, 'Sega Genesis', 'Console'),
    (29, 'Sega Genesis II', 'Console'),
    (30, 'PS Vita', 'Handheld device'),
    (31, 'Mobile', 'Handheld device');
insert into Review (
        Review_ID,
        Review_title,
        Review_ReviewerName,
        Review_Comment
    )
values (
        1,
        'A Triumph of Gaming Ingenuity',
        'ShadowPulse',
        'A true marvel of creativity and innovation. Every aspect is a testament to gaming excellence.'
    ),
    (
        2,
        'Beyond Boundaries: An Unforgettable Experience',
        'LunaWanderer',
        'Takes you on a journey beyond imagination, creating an unforgettable gaming experience.'
    ),
    (
        3,
        'Pixel Perfection: A Visual Masterpiece',
        'QuantumJester',
        'A feast for the eyes, this game sets a new standard for visual excellence in gaming.'
    ),
    (
        4,
        'Epic Quest, Epic Rewards',
        'MysticWhisper',
        'Embark on an epic quest that not only challenges but rewards you with unparalleled satisfaction.'
    ),
    (
        5,
        'Unexpected Delight: A Hidden Gem',
        'StarlightEcho',
        'A delightful surprise, this hidden gem shines with unique gameplay and charm.'
    ),
    (
        6,
        'Flawless Execution, Endless Fun',
        'CipherWraith',
        'Flawlessly executed gameplay ensures endless hours of pure, unadulterated fun.'
    ),
    (
        7,
        'A Rollercoaster of Emotions and Gameplay',
        'CelestialRogue',
        'Buckle up for a rollercoaster ride that not only thrills with gameplay but also stirs a range of emotions.'
    ),
    (
        8,
        'Innovative Mechanics, Captivating Story',
        'EmberPhoenix',
        'Innovative game mechanics paired with a captivating story make for an extraordinary gaming experience.'
    ),
    (
        9,
        'A Symphony of Action and Strategy',
        'StormCaster',
        'Strikes a perfect balance between heart-pounding action and strategic brilliance.'
    ),
    (
        10,
        'Masterpiece in the Making',
        'VelvetVortex',
        'Witness a game in the making of a masterpiece, each element meticulously crafted for perfection.'
    ),
    (
        11,
        'Navigating the Unknown: A Thrilling Adventure',
        'NebulaDreamer',
        'Brave the unknown in this thrilling adventure that keeps you on the edge of your seat.'
    ),
    (
        12,
        'Lost in the Virtual Wonderland',
        'PhantomHowl',
        'Immerse yourself in a virtual wonderland where reality fades away, leaving only the magic of the game.'
    ),
    (
        13,
        'Breathtaking Graphics, Immersive World',
        'SapphireReaper',
        'Stunning graphics combined with an immersive world create an unparalleled gaming atmosphere.'
    ),
    (
        14,
        'Quest for Excellence: A Stellar Journey',
        'NovaSpecter',
        'Embark on a quest for excellence in a stellar journey that leaves a lasting impression.'
    ),
    (
        15,
        'A Tour de Force in Gaming',
        'EnigmaShade',
        'A true tour de force, this game dominates the gaming scene with its brilliance.'
    ),
    (
        16,
        'Rising Star: An Up-and-Coming Classic',
        'MidnightScribe',
        'A rising star in the gaming world, destined to become a timeless classic.'
    ),
    (
        17,
        'Spellbinding and Unpredictable',
        'FrostbiteCharm',
        'Cast under its spell, this game weaves an unpredictable narrative that keeps you hooked.'
    ),
    (
        18,
        'Revolutionizing the Gaming Landscape',
        'SerenityBlaze',
        'A game that pushes boundaries, revolutionizing the gaming landscape with bold ideas.'
    ),
    (
        19,
        'Digital Dreams Come True',
        'ChaosHarmony',
        'Experience the fulfillment of digital dreams in a game that surpasses expectations.'
    ),
    (
        20,
        'Trailblazing the Gaming Frontier',
        'SolarSorcerer',
        'Boldly trailblazing into new frontiers, this game pioneers the future of gaming.'
    ),
    (
        21,
        'A New Standard in Gaming Excellence',
        'EchoingFables',
        'Sets a new standard for excellence in the gaming industry.'
    ),
    (
        22,
        'A Game-Changer in Every Aspect',
        'EphemeralBard',
        'Truly a game-changer, excelling in every aspect and rewriting the rules.'
    ),
    (
        23,
        'Beyond Expectations: A Must-Play',
        'ZenithVigilante',
        'Surpasses all expectations, making it an absolute must-play for gamers.'
    ),
    (
        24,
        'Crafting Legends: Tales of Mastery',
        'RogueWhisperer',
        'A game that crafts legends, narrating tales of unparalleled mastery.'
    ),
    (
        25,
        'Gaming Redefined: Breaking Barriers',
        'QuantumQuasar',
        'Redefines the essence of gaming by breaking through traditional barriers.'
    ),
    (
        26,
        'A Tapestry of Thrills and Challenges',
        'ArcaneNomad',
        'Woven with a tapestry of thrills and challenges, this game keeps you engaged from start to finish.'
    ),
    (
        27,
        'Pixelated Paradise: Where Dreams Collide',
        'TwilightValkyrie',
        'Enter a pixelated paradise where gaming dreams collide in a symphony of joy.'
    ),
    (
        28,
        'Lost in Time, Found in Gameplay',
        'CrimsonChronicle',
        'Transported through time, you would find yourself truly lost in the captivating gameplay.'
    ),
    (
        29,
        'Unleashing the Power of Play',
        'EtherealCatalyst',
        'Unleashes the true power of play, transforming gaming into an art form.'
    ),
    (
        30,
        'Quest for Glory: A Heroic Odyssey',
        'RuneRogue',
        'Embark on a heroic odyssey in a quest for glory that defines the essence of heroism.'
    ),
    (
        31,
        'Strategic Brilliance, Tactical Mastery',
        'LunaLoom',
        'Showcases strategic brilliance and tactical mastery, setting it apart from the rest.'
    ),
    (
        32,
        'A Symphony of Shadows: Stealth Perfected',
        'ObsidianOracle',
        'Perfects the art of stealth in a symphony of shadows, offering a unique and thrilling experience.'
    ),
    (
        33,
        'Redefining the Sandbox: Limitless Fun',
        'StarCrestSorceress',
        'Redefines the sandbox genre, offering limitless fun and creative possibilities.'
    ),
    (
        34,
        'A Gem in the Gaming Galaxy',
        'MirageMystic',
        'Shines as a gem in the vast gaming galaxy, a true standout.'
    ),
    (
        35,
        'Epic Battles, Epic Victories',
        'ElementalHarbinger',
        'Engage in epic battles, securing victories that resonate with the grandeur of the game.'
    ),
    (
        36,
        'Warping Reality: A Gaming Revelation',
        'CosmicGrimoire',
        'Transcend reality as this game becomes a revelation in the world of gaming.'
    ),
    (
        37,
        'Immersive Odyssey: Beyond the Screen',
        'InfernoSphinx',
        'Takes you on an immersive odyssey that goes beyond the confines of the screen.'
    ),
    (
        38,
        'Crafting Legends: A Masterclass in Storytelling',
        'MysticRiddle',
        'Masterfully crafts legends through a storytelling experience that is truly a class of its own.'
    ),
    (
        39,
        'A Quantum Leap in Gaming Enjoyment',
        'QuantumWanderer',
        'Represents a quantum leap in gaming enjoyment, pushing the boundaries of whats possible.'
    ),
    (
        40,
        'Breaking the Mold: A Genre Bender',
        'CelestialCipher',
        'Breaks the mold by bending genres, offering a refreshing take on gaming.'
    ),
    (
        41,
        'In the Grip of Greatness',
        'VelvetVortex',
        'Experience the powerful grip of greatness, holding you captive in the world it creates.'
    ),
    (
        42,
        'A Tapestry of Tales: Narrative Brilliance',
        'SeraphicWhisper',
        'Weaves a tapestry of tales with narrative brilliance, leaving a lasting impact.'
    ),
    (
        43,
        'An Ode to Adventure: A Hero Journey',
        'LunarLabyrinth',
        'Pays homage to the spirit of adventure, taking players on a heroic journey.'
    ),
    (
        44,
        'Sailing the Seas of Excellence',
        'StormSculptor',
        'Navigate the seas of excellence in a game that stands tall in every aspect.'
    ),
    (
        45,
        'Beyond the Horizon: Uncharted Excellence',
        'EmberEnchantress',
        'Reach beyond the horizon and discover uncharted excellence in every facet.'
    ),
    (
        46,
        'Dynamic Gameplay, Dynamic World',
        'CrimsonCatalyst',
        'Offers dynamic gameplay within a dynamic world, creating an ever-evolving experience.'
    ),
    (
        47,
        'Understated Brilliance: Quietly Amazing',
        'NebulaNinja',
        'Quietly amazing, this game brilliance speaks volumes without the need for grand gestures.'
    ),
    (
        48,
        'Crafting Legends: A Game-Changing Saga',
        'EtherEmissary',
        'Crafts legends in a game-changing saga that leaves a profound impact.'
    ),
    (
        49,
        'Redefining the RPG: A New Standard',
        'PhantomPulse',
        'Redefines the RPG genre, setting a new standard for role-playing excellence.'
    ),
    (
        50,
        'In the Shadow of Greatness',
        'SpectralScribe',
        'Stands boldly in the shadow of greatness, proving its worth in every aspect.'
    ),
    (
        51,
        'Gaming Nirvana: Where Dreams Come Alive',
        'FrostFlame',
        'Transports players to gaming nirvana, where dreams come alive in the digital realm.'
    ),
    (
        52,
        'Immersive Gameplay, Unforgettable Moments',
        'AuroraAlchemy',
        'Immerse yourself in gameplay filled with unforgettable moments that linger long after you have finished.'
    ),
    (
        53,
        'Championing the Art of Gaming',
        'CelestialSorcerer',
        'Champions the art of gaming, showcasing the mediums true potential.'
    ),
    (
        54,
        'Journey to the Stars: A Galactic Triumph',
        'EnigmaticEmber',
        'Embark on a journey to the stars in a galactic triumph that captivates from start to finish.'
    ),
    (
        55,
        'Chronicles of Excellence: Epic Narratives',
        'NebulaNomad',
        'Chronicles excellence through epic narratives, creating a tapestry of memorable stories.'
    ),
    (
        56,
        'A Symphony of Success: Masterful Gaming',
        'LunarLorekeeper',
        'Achieves a symphony of success through masterful gaming, each note perfectly played.'
    ),
    (
        57,
        'Epic Encounters: A Journey to Remember',
        'SerenityShade',
        'Encounter epic moments in a journey that will be remembered for years to come.'
    ),
    (
        58,
        'A Canvas of Challenges: Painting Excellence',
        'ShadowSphinx',
        'Paints a canvas of challenges, each stroke contributing to the masterpiece of excellence.'
    ),
    (
        59,
        'Crafting Legends: A Masterpiece Unveiled',
        'MysticMarauder',
        'Unveils a masterpiece as it crafts legends, leaving players in awe of its brilliance.'
    ),
    (
        60,
        'Gaming Mastery: Beyond the Horizon',
        'QuantumQuill',
        'Achieves gaming mastery that extends beyond the horizon of conventional expectations.'
    ),
    (
        61,
        'Unleashing the Power of Imagination',
        'SolarSpellbinder',
        'Unleashes the power of imagination, inviting players to explore the realms of creativity.'
    ),
    (
        62,
        'A Quantum Leap in Gaming Brilliance',
        'ObsidianOpus',
        'Represents a quantum leap in gaming brilliance, surpassing all previous benchmarks.'
    ),
    (
        63,
        'Sailing the Seas of Virtual Bliss',
        'EmberEthereal',
        'Navigate the seas of virtual bliss, where every moment is a testament to gaming joy.'
    ),
    (
        64,
        'Captivating and Unputdownable',
        'CrimsonCryptic',
        'Captivates from the first moment and proves to be utterly unputdownable.'
    ),
    (
        65,
        'A Tapestry of Tales: Legends Unfold',
        'NovaNecromancer',
        'Weaves a tapestry of tales where legends unfold, captivating players with its narrative depth.'
    ),
    (
        66,
        'Breathtakingly Bold and Beautiful',
        'LunarLabyrinth',
        'Experience the unleashed power of innovation, reshaping the gaming landscape.'
    ),
    (
        67,
        'Epic Battles, Unforgettable Victories',
        'CelestialCipher',
        'Embark on a gaming odyssey where nirvana awaits at every virtual turn.'
    ),
    (
        68,
        'The Apex of Gaming Enjoyment',
        'VelvetVortex',
        'Achieves a masterclass in storytelling, crafting legends that resonate with players.'
    ),
    (
        69,
        'Strategic Brilliance, Tactical Genius',
        'SeraphicWhisper',
        'Surpasses expectations in every aspect, making it a must-experience for gamers.'
    ),
    (
        70,
        'Redefining Excellence: A Triumph',
        'QuantumQuill',
        'Embarks on a quest for glory, inviting players to partake in a heroic and memorable adventure.'
    ),
    (
        71,
        'Gaming Utopia: Where Dreams Flourish',
        'PhantomPulse',
        'Creates an immersive odyssey that transcends the boundaries of the screen.'
    ),
    (
        72,
        'A Symphony of Shadows: Stealth Perfected',
        'FrostFlame',
        'Offers epic encounters that make the journey truly unforgettable.'
    ),
    (
        73,
        'Innovation Unleashed: A Game-Changer',
        'AuroraAlchemy',
        'Represents a quantum leap forward in gaming brilliance, pushing the boundaries of whats possible.'
    ),
    (
        74,
        'Gaming Nirvana: An Odyssey Awaits',
        'CelestialSorcerer',
        'Chronicles excellence through epic narratives, weaving a tapestry of unforgettable stories.'
    ),
    (
        75,
        'Crafting Legends: A Masterclass in Storytelling',
        'EnigmaticEmber',
        'Achieves a symphony of success through masterful gaming, each element contributing to a harmonious whole.'
    ),
    (
        76,
        'Beyond Expectations: A Must-Experience',
        'NebulaNomad',
        'Encounter epic moments in a journey that will be remembered for years to come.'
    ),
    (
        77,
        'Quest for Glory: A Heroic Adventure',
        'LunarLorekeeper',
        'Paints a canvas of challenges, each stroke contributing to the masterpiece of excellence.'
    ),
    (
        78,
        'Immersive Odyssey: Beyond the Screen',
        'SerenityShade',
        'Unveils a masterpiece as it crafts legends, leaving players in awe of its brilliance.'
    ),
    (
        79,
        'Epic Encounters: A Journey to Remember',
        'ShadowSphinx',
        'Achieves gaming mastery that extends beyond the horizon of conventional expectations.'
    ),
    (
        80,
        'A Quantum Leap in Gaming Brilliance',
        'MysticMarauder',
        'Unleashes the power of imagination, inviting players to explore the realms of creativity.'
    ),
    (
        81,
        'Chronicles of Excellence: Epic Narratives',
        'QuantumQuill',
        'Takes a quantum leap in gaming brilliance, surpassing all previous benchmarks.'
    ),
    (
        82,
        'A Symphony of Success: Masterful Gaming',
        'SolarSpellbinder',
        'Navigate the seas of virtual bliss, where every moment is a testament to gaming joy.'
    ),
    (
        83,
        'Captivating and Unputdownable',
        'ObsidianOpus',
        'Captivates from the first moment and proves to be utterly unputdownable.'
    ),
    (
        84,
        'A Tapestry of Tales: Legends Unfold',
        'EmberEthereal',
        'Weaves a tapestry of tales where legends unfold, captivating players with its narrative depth.'
    ),
    (
        85,
        'Breathtakingly Bold and Beautiful',
        'CrimsonCryptic',
        'Experience the unleashed power of innovation, reshaping the gaming landscape.'
    ),
    (
        86,
        'Epic Battles, Unforgettable Victories',
        'NovaNecromancer',
        'Embark on a gaming odyssey where nirvana awaits at every virtual turn.'
    ),
    (
        87,
        'The Apex of Gaming Enjoyment',
        'ShadowPulse',
        'Achieves a masterclass in storytelling, crafting legends that resonate.'
    ),
    (
        88,
        'Strategic Brilliance, Tactical Genius',
        'LunaWanderer',
        'Go beyond expectations as this gaming experience becomes an absolute must.'
    ),
    (
        89,
        'Redefining Excellence: A Triumph',
        'QuantumJester',
        'Undertake a heroic adventure, where every quest propels you towards everlasting glory.'
    ),
    (
        90,
        'Gaming Utopia: Where Dreams Flourish',
        'MysticWhisper',
        'Immerse yourself in a gaming odyssey that transcends the boundaries of the screen.'
    ),
    (
        91,
        'Innovation Unleashed: A Game-Changer',
        'StarlightEcho',
        'Brace for epic encounters that transform your gaming journey into an unforgettable saga.'
    ),
    (
        92,
        'Gaming Nirvana: An Odyssey Awaits',
        'CipherWraith',
        'Witness a quantum leap in brilliance, as this game elevates the standards of gaming.'
    ),
    (
        93,
        'Crafting Legends: A Masterclass in Storytelling',
        'CelestialRogue',
        'Delve into epic narratives that weave the chronicles of gaming excellence.'
    ),
    (
        94,
        'Beyond Expectations: A Must-Experience',
        'EmberPhoenix',
        'Bask in the symphony of success, where masterful gaming takes center stage.'
    ),
    (
        95,
        'Quest for Glory: A Heroic Adventure',
        'StormCaster',
        'Undertake a heroic adventure, where every quest propels you towards everlasting glory.'
    ),
    (
        96,
        'Immersive Odyssey: Beyond the Screen',
        'VelvetVortex',
        'Immerse yourself in a gaming odyssey that transcends the boundaries of the screen.'
    ),
    (
        97,
        'Epic Encounters: A Journey to Remember',
        'NebulaDreamer',
        'Brace for epic encounters that transform your gaming journey into an unforgettable saga.'
    ),
    (
        98,
        'A Quantum Leap in Gaming Brilliance',
        'PhantomHowl',
        'Witness a quantum leap in brilliance, as this game elevates the standards of gaming.'
    ),
    (
        99,
        'Chronicles of Excellence: Epic Narratives',
        'SapphireReaper',
        'Chronicles of Excellence: Epic Narratives - Delve into epic narratives that weave the chronicles of gaming excellence.'
    ),
    (
        100,
        'A Symphony of Success: Masterful Gaming',
        'NovaSpecter',
        'A Symphony of Success: Masterful Gaming - Bask in the symphony of success, where masterful gaming takes center stage.'
    );
insert into Developer (Developer_ID, Developer_name)
values (1, '343 Industries'),
    (2, 'Amazon Game Studios'),
    (3, 'Arkane Studios'),
    (4, 'Asobo Studio'),
    (5, 'Atlus'),
    (6, 'Bandai Namco Studios'),
    (7, 'Bandai Namco Studios, Sora Ltd.'),
    (8, 'Bethesda Game Studios'),
    (9, 'BioWare'),
    (10, 'Blizzard Entertainment'),
    (11, 'Bloober Team'),
    (12, 'Bluepoint Games'),
    (13, 'Bungie'),
    (14, 'Capcom'),
    (15, 'CD Projekt Red'),
    (16, 'Codemasters'),
    (17, 'ConcernedApe'),
    (18, 'Crystal Dynamics'),
    (19, 'DICE'),
    (20, 'Dontnod Entertainment'),
    (21, 'Electronic Arts (EA)'),
    (22, 'Epic Games'),
    (23, 'Firaxis Games'),
    (24, 'Four Quarters'),
    (25, 'FromSoftware'),
    (26, 'Frontier Developments'),
    (27, 'Gearbox Software'),
    (28, 'Guerrilla Games'),
    (29, 'Hangar 13'),
    (30, 'Harmonix'),
    (31, 'Harmonix Music Systems'),
    (32, 'Hazelight Studios'),
    (33, 'Hello Games'),
    (34, 'id Software'),
    (35, 'Infinity Ward'),
    (36, 'InnerSloth'),
    (37, 'Insomniac Games'),
    (38, 'Intelligent Systems, Koei Tecmo'),
    (39, 'Iron Gate AB'),
    (40, 'Kinetic Games'),
    (41, 'Klei Entertainment'),
    (42, 'Kojima Productions'),
    (43, 'Konami'),
    (44, 'Ludeon Studios'),
    (45, 'Matt Makes Games'),
    (46, 'Maxis'),
    (47, 'Mediatonic'),
    (48, 'MegaCrit'),
    (49, 'MercurySteam, Nintendo'),
    (50, 'miHoYo'),
    (51, 'Mimimi Productions'),
    (52, 'Mobius Digital'),
    (53, 'Mojang'),
    (54, 'Mojang Studios'),
    (55, 'Monolith Productions'),
    (56, 'Moon Studios'),
    (57, 'Naughty Dog'),
    (58, 'NetherRealm Studios'),
    (59, 'Night School Studio'),
    (60, 'Ninja Theory'),
    (61, 'Nintendo'),
    (62, 'Obsidian Entertainment'),
    (63, 'One More Level, Slipgate Ironworks'),
    (64, 'Phobia Game Studio'),
    (65, 'PlatinumGames'),
    (66, 'Playdead'),
    (67, 'Playground Games'),
    (68, 'Psyonix'),
    (69, 'Raven Software'),
    (70, 'Remedy Entertainment'),
    (71, 'Respawn Entertainment'),
    (72, 'Retro Studios'),
    (73, 'Riot Games'),
    (74, 'Rockstar Games'),
    (75, 'Rockstar North'),
    (76, 'Rockstar Studios'),
    (77, 'Sega'),
    (78, 'Shedworks'),
    (79, 'Square Enix'),
    (80, 'Sucker Punch Productions'),
    (81, 'Supergiant Games'),
    (82, 'Supermassive Games'),
    (83, 'Tarsier Studios'),
    (84, 'Team17'),
    (85, 'Techland'),
    (86, 'The Creative Assembly'),
    (87, 'Thunder Lotus Games'),
    (88, 'Torn Banner Studios'),
    (89, 'Toys for Bob'),
    (90, 'Treyarch'),
    (91, 'Treyarch, Raven Software'),
    (92, 'Turtle Rock Studios'),
    (93, 'Ubisoft'),
    (94, 'Ubisoft Montreal'),
    (95, 'Unknown Worlds Entertainment'),
    (96, 'Valve Corporation'),
    (97, 'Vicarious Visions'),
    (98, 'Warhorse Studios'),
    (99, 'William Chyr Studio'),
    (100, 'Wube Software'),
    (101, 'Yacht Club Games'),
    (102, 'ZA/UM'),
    (103, 'ZeniMax Online Studios'),
    (104, 'Housemarque');
insert into Publisher (Publisher_ID, Publisher_name)
values (1, '2K Games'),
    (2, '505 Games'),
    (3, 'Activision'),
    (4, 'Amazon Game Studio'),
    (5, 'Annapurna Interactive'),
    (6, 'Aspyr'),
    (7, 'Atlus'),
    (8, 'Bandai Namco Entertainment'),
    (9, 'Bethesda Softworks'),
    (10, 'Bigben Interactive'),
    (11, 'Blizzard Entertainment'),
    (12, 'Bloober Team'),
    (13, 'Bloober Team Publishing'),
    (14, 'Bungie'),
    (15, 'Capcom'),
    (16, 'Chucklefish'),
    (17, 'Codemasters'),
    (18, 'Coffee Stain Publishing'),
    (19, 'ConcernedApe'),
    (20, 'Curve Digital'),
    (21, 'Daedalic Entertainment'),
    (22, 'Deep Silver'),
    (23, 'Devolver Digital'),
    (24, 'Electronic Arts'),
    (25, 'Electronic Arts (EA)'),
    (26, 'Epic Games'),
    (27, 'Focus Home Interactive'),
    (28, 'Hello Games'),
    (29, 'Humble Games'),
    (30, 'Idea Factory International'),
    (31, 'Innersloth LLC'),
    (32, 'Kalypso Media'),
    (33, 'Kinetic Games'),
    (34, 'Koch Media'),
    (35, 'Koei Tecmo'),
    (36, 'Konami'),
    (37, 'Ludeon Studios'),
    (38, 'Matt Makes Games'),
    (39, 'Maximum Games'),
    (40, 'Microsoft Game Studios'),
    (41, 'miHoYo'),
    (42, 'mihoyo'),
    (43, 'Mojang Studios'),
    (44, 'NCSoft'),
    (45, 'Ninja Theory'),
    (46, 'Nintendo'),
    (47, 'NIS America'),
    (48, 'Paradox Interactive'),
    (49, 'Private Division'),
    (50, 'Psyonix'),
    (51, 'Raw Fury'),
    (52, 'Rebellion Developments'),
    (53, 'Riot Games'),
    (54, 'Rockstar Games'),
    (55, 'Sega'),
    (56, 'Skybound Games'),
    (57, 'Sony Interactive Entertainment'),
    (58, 'Square Enix'),
    (59, 'Square Enix Collective'),
    (60, 'Supergiant Games'),
    (61, 'Take-Two Interactive'),
    (62, 'Team17'),
    (63, 'Techland Publishing'),
    (64, 'Telltale Games'),
    (65, 'THQ Nordic'),
    (66, 'Thunder Lotus Games'),
    (67, 'tinyBuild'),
    (68, 'Tripwire Interactive'),
    (69, 'Ubisoft'),
    (70, 'Unknown Worlds Entertainment'),
    (71, 'Valve Corporation'),
    (72, 'Versus Evil'),
    (73, 'Warner Bros. Interactive Entertainment'),
    (74, 'William Chyr Studio'),
    (75, 'Wired Productions'),
    (76, 'Wube Software'),
    (77, 'Xbox Game Studios'),
    (78, 'XSEED Games'),
    (79, 'ZA/UM'),
    (80, 'CD Projekt');

insert into Final (Game_ID, Final_GameName, Tag_ID, Devices_ID, Engine_ID, Developer_ID, Publisher_Id, Review_ID)
values 
(1, 'The Witcher 3: Wild Hunt', 9, 1,30,15,80,1),
(1, 'The Witcher 3: Wild Hunt', 9, 3,30,15,80,1),
(1, 'The Witcher 3: Wild Hunt', 9, 7,30,15,80,1),
(1, 'The Witcher 3: Wild Hunt', 9, 11,30,15,80,1),
(1, 'The Witcher 3: Wild Hunt', 9, 20,30,15,80,1),
(1, 'The Witcher 3: Wild Hunt', 9, 21,30,15,80,1),
(1, 'The Witcher 3: Wild Hunt', 27, 1,30,15,80,1),
(1, 'The Witcher 3: Wild Hunt', 27, 3,30,15,80,1),
(1, 'The Witcher 3: Wild Hunt', 27, 7,30,15,80,1),
(1, 'The Witcher 3: Wild Hunt', 27, 11,30,15,80,1),
(1, 'The Witcher 3: Wild Hunt', 27, 20,30,15,80,1),
(1, 'The Witcher 3: Wild Hunt', 27, 21,30,15,80,1),
(1, 'The Witcher 3: Wild Hunt', 21, 1,30,15,80,1),
(1, 'The Witcher 3: Wild Hunt', 21, 3,30,15,80,1),
(1, 'The Witcher 3: Wild Hunt', 21, 7,30,15,80,1),
(1, 'The Witcher 3: Wild Hunt', 21, 11,30,15,80,1),
(1, 'The Witcher 3: Wild Hunt', 21, 20,30,15,80,1),
(1, 'The Witcher 3: Wild Hunt', 21, 21,30,15,80,1),

(2, 'Fortnite', 4, 1, 37, 22, 26, 2),
(2, 'Fortnite', 4, 3, 37, 22, 26, 2),
(2, 'Fortnite', 4, 2, 37, 22, 26, 2),
(2, 'Fortnite', 4, 8, 37, 22, 26, 2),
(2, 'Fortnite', 4, 12, 37, 22, 26, 2),
(2, 'Fortnite', 4, 13, 37, 22, 26, 2),
(2, 'Fortnite', 4, 20, 37, 22, 26, 2),
(2, 'Fortnite', 4, 21, 37, 22, 26, 2),
(2, 'Fortnite', 4, 31, 37, 22, 26, 2),
(2, 'Fortnite', 30, 1, 37, 22, 26, 2),
(2, 'Fortnite', 30, 3, 37, 22, 26, 2),
(2, 'Fortnite', 30, 2, 37, 22, 26, 2),
(2, 'Fortnite', 30, 8, 37, 22, 26, 2),
(2, 'Fortnite', 30, 12, 37, 22, 26, 2),
(2, 'Fortnite', 30, 13, 37, 22, 26, 2),
(2, 'Fortnite', 30, 20, 37, 22, 26, 2),
(2, 'Fortnite', 30, 21, 37, 22, 26, 2),
(2, 'Fortnite', 30, 31, 37, 22, 26, 2),

(3, 'The Legend of Zelda: Breath of the Wild', 1, 20, 24, 61, 45, 3),
(3, 'The Legend of Zelda: Breath of the Wild', 1, 21, 24, 61, 45, 3),
(3, 'The Legend of Zelda: Breath of the Wild', 1, 19, 24, 61, 45, 3),
(3, 'The Legend of Zelda: Breath of the Wild', 2, 20, 24, 61, 45, 3),
(3, 'The Legend of Zelda: Breath of the Wild', 2, 21, 24, 61, 45, 3),
(3, 'The Legend of Zelda: Breath of the Wild', 2, 19, 24, 61, 45, 3),
(3, 'The Legend of Zelda: Breath of the Wild', 21, 20, 24, 61, 45, 3),
(3, 'The Legend of Zelda: Breath of the Wild', 21, 21, 24, 61, 45, 3),
(3, 'The Legend of Zelda: Breath of the Wild', 21, 19, 24, 61, 45, 3),

(4, 'Grand Theft Auto V', 1, 1, 28, 75, 54, 4),
(4, 'Grand Theft Auto V', 1, 3, 28, 75, 54, 4),
(4, 'Grand Theft Auto V', 1, 8, 28, 75, 54, 4),
(4, 'Grand Theft Auto V', 1, 12, 28, 75, 54, 4),
(4, 'Grand Theft Auto V', 1, 13, 28, 75, 54, 4),
(4, 'Grand Theft Auto V', 1, 7, 28, 75, 54, 4),
(4, 'Grand Theft Auto V', 1, 11, 28, 75, 54, 4),
(4, 'Grand Theft Auto V', 1, 6, 28, 75, 54, 4),
(4, 'Grand Theft Auto V', 1, 10, 28, 75, 54, 4),
(4, 'Grand Theft Auto V', 2, 1, 28, 75, 54, 4),
(4, 'Grand Theft Auto V', 2, 3, 28, 75, 54, 4),
(4, 'Grand Theft Auto V', 2, 8, 28, 75, 54, 4),
(4, 'Grand Theft Auto V', 2, 12, 28, 75, 54, 4),
(4, 'Grand Theft Auto V', 2, 13, 28, 75, 54, 4),
(4, 'Grand Theft Auto V', 2, 7, 28, 75, 54, 4),
(4, 'Grand Theft Auto V', 2, 11, 28, 75, 54, 4),
(4, 'Grand Theft Auto V', 2, 6, 28, 75, 54, 4),
(4, 'Grand Theft Auto V', 2, 10, 28, 75, 54, 4),
(4, 'Grand Theft Auto V', 21, 1, 28, 75, 54, 4),
(4, 'Grand Theft Auto V', 21, 3, 28, 75, 54, 4),
(4, 'Grand Theft Auto V', 21, 8, 28, 75, 54, 4),
(4, 'Grand Theft Auto V', 21, 12, 28, 75, 54, 4),
(4, 'Grand Theft Auto V', 21, 13, 28, 75, 54, 4),
(4, 'Grand Theft Auto V', 21, 7, 28, 75, 54, 4),
(4, 'Grand Theft Auto V', 21, 11, 28, 75, 54, 4),
(4, 'Grand Theft Auto V', 21, 6, 28, 75, 54, 4),
(4, 'Grand Theft Auto V', 21, 10, 28, 75, 54, 4),

(5, 'Minecraft', 28, 1, 18, 53, 42, 5),
(5, 'Minecraft', 28, 3, 18, 53, 42, 5),
(5, 'Minecraft', 28, 2, 18, 53, 42, 5),
(5, 'Minecraft', 28, 8, 18, 53, 42, 5),
(5, 'Minecraft', 28, 12, 18, 53, 42, 5),
(5, 'Minecraft', 28, 13, 18, 53, 42, 5),
(5, 'Minecraft', 28, 20, 18, 53, 42, 5),
(5, 'Minecraft', 28, 21, 18, 53, 42, 5),
(5, 'Minecraft', 28, 31, 18, 53, 42, 5),
(5, 'Minecraft', 39, 1, 18, 53, 42, 5),
(5, 'Minecraft', 39, 3, 18, 53, 42, 5),
(5, 'Minecraft', 39, 2, 18, 53, 42, 5),
(5, 'Minecraft', 39, 8, 18, 53, 42, 5),
(5, 'Minecraft', 39, 12, 18, 53, 42, 5),
(5, 'Minecraft', 39, 13, 18, 53, 42, 5),
(5, 'Minecraft', 39, 20, 18, 53, 42, 5),
(5, 'Minecraft', 39, 21, 18, 53, 42, 5),
(5, 'Minecraft', 39, 31, 18, 53, 42, 5),
(5, 'Minecraft', 4, 1, 18, 53, 42, 5),
(5, 'Minecraft', 4, 3, 18, 53, 42, 5),
(5, 'Minecraft', 4, 2, 18, 53, 42, 5),
(5, 'Minecraft', 4, 8, 18, 53, 42, 5),
(5, 'Minecraft', 4, 12, 18, 53, 42, 5),
(5, 'Minecraft', 4, 13, 18, 53, 42, 5),
(5, 'Minecraft', 4, 20, 18, 53, 42, 5),
(5, 'Minecraft', 4, 21, 18, 53, 42, 5),
(5, 'Minecraft', 4, 31, 18, 53, 42, 5),

(6, 'Overwatch', 10, 1, 3, 10, 11, 6),
(6, 'Overwatch', 10, 3, 3, 10, 11, 6),
(6, 'Overwatch', 10, 7, 3, 10, 11, 6),
(6, 'Overwatch', 10, 11, 3, 10, 11, 6),
(6, 'Overwatch', 10, 20, 3, 10, 11, 6),
(6, 'Overwatch', 10, 21, 3, 10, 11, 6),
(6, 'Overwatch', 19, 1, 3, 10, 11, 6),
(6, 'Overwatch', 19, 3, 3, 10, 11, 6),
(6, 'Overwatch', 19, 7, 3, 10, 11, 6),
(6, 'Overwatch', 19, 11, 3, 10, 11, 6),
(6, 'Overwatch', 19, 20, 3, 10, 11, 6),
(6, 'Overwatch', 19, 21, 3, 10, 11, 6),

(7, 'Red Dead Redemption 2', 1, 1, 28, 76, 54, 7),
(7, 'Red Dead Redemption 2', 1, 3, 28, 76, 54, 7),
(7, 'Red Dead Redemption 2', 1, 8, 28, 76, 54, 7),
(7, 'Red Dead Redemption 2', 1, 12, 28, 76, 54, 7),
(7, 'Red Dead Redemption 2', 1, 13, 28, 76, 54, 7),
(7, 'Red Dead Redemption 2', 1, 7, 28, 76, 54, 7),
(7, 'Red Dead Redemption 2', 1, 11, 28, 76, 54, 7),
(7, 'Red Dead Redemption 2', 2, 1, 28, 76, 54, 7),
(7, 'Red Dead Redemption 2', 2, 3, 28, 76, 54, 7),
(7, 'Red Dead Redemption 2', 2, 8, 28, 76, 54, 7),
(7, 'Red Dead Redemption 2', 2, 12, 28, 76, 54, 7),
(7, 'Red Dead Redemption 2', 2, 13, 28, 76, 54, 7),
(7, 'Red Dead Redemption 2', 2, 7, 28, 76, 54, 7),
(7, 'Red Dead Redemption 2', 2, 11, 28, 76, 54, 7),
(7, 'Red Dead Redemption 2', 21, 1, 28, 76, 54, 7),
(7, 'Red Dead Redemption 2', 21, 3, 28, 76, 54, 7),
(7, 'Red Dead Redemption 2', 21, 8, 28, 76, 54, 7),
(7, 'Red Dead Redemption 2', 21, 12, 28, 76, 54, 7),
(7, 'Red Dead Redemption 2', 21, 13, 28, 76, 54, 7),
(7, 'Red Dead Redemption 2', 21, 7, 28, 76, 54, 7),
(7, 'Red Dead Redemption 2', 21, 11, 28, 76, 54, 7),

(8, 'Cyberpunk 2077', 27, 1, 31, 15, 80, 8),
(8, 'Cyberpunk 2077', 27, 3, 31, 15, 80, 8),
(8, 'Cyberpunk 2077', 27, 8, 31, 15, 80, 8),
(8, 'Cyberpunk 2077', 27, 22, 31, 15, 80, 8),
(8, 'Cyberpunk 2077', 27, 13, 31, 15, 80, 8),
(8, 'Cyberpunk 2077', 27, 7, 31, 15, 80, 8),
(8, 'Cyberpunk 2077', 27, 11, 31, 15, 80, 8),
(8, 'Cyberpunk 2077', 21, 1, 31, 15, 80, 8),
(8, 'Cyberpunk 2077', 21, 3, 31, 15, 80, 8),
(8, 'Cyberpunk 2077', 21, 8, 31, 15, 80, 8),
(8, 'Cyberpunk 2077', 21, 22, 31, 15, 80, 8),
(8, 'Cyberpunk 2077', 21, 13, 31, 15, 80, 8),
(8, 'Cyberpunk 2077', 21, 7, 31, 15, 80, 8),
(8, 'Cyberpunk 2077', 21, 11, 31, 15, 80, 8),

(9, 'Among Us', 19, 1, 36, 36, 31, 9),
(9, 'Among Us', 19, 3, 36, 36, 31, 9),
(9, 'Among Us', 19, 31, 36, 36, 31, 9),


(10, 'Animal Crossing: New Horizons', 31, 20, 24, 61, 45, 10),
(10, 'Animal Crossing: New Horizons', 31, 21, 24, 61, 45, 10),

(11, 'Valorant', 10, 1, 37, 73, 53, 11),
(11, 'Valorant', 10, 3, 37, 73, 53, 11),
(11, 'Valorant', 30, 1, 37, 73, 53, 11),
(11, 'Valorant', 30, 3, 37, 73, 53, 11),
(11, 'Valorant', 19, 1, 37, 73, 53, 11),
(11, 'Valorant', 19, 3, 37, 73, 53, 11),

(12, 'The Sims 4', 31, 1, 8, 46, 24, 12),
(12, 'The Sims 4', 31, 3, 8, 46, 24, 12),
(12, 'The Sims 4', 31, 2, 8, 46, 24, 12),
(12, 'The Sims 4', 31, 7, 8, 46, 24, 12),
(12, 'The Sims 4', 31, 11, 8, 46, 24, 12),
(12, 'The Sims 4', 28, 1, 8, 46, 24, 12),
(12, 'The Sims 4', 28, 3, 8, 46, 24, 12),
(12, 'The Sims 4', 28, 2, 8, 46, 24, 12),
(12, 'The Sims 4', 28, 7, 8, 46, 24, 12),
(12, 'The Sims 4', 28, 11, 8, 46, 24, 12),

(13, 'Apex Legends', 10, 1, 34, 71, 24, 13),
(13, 'Apex Legends', 10, 3, 34, 71, 24, 13),
(13, 'Apex Legends', 10, 8, 34, 71, 24, 13),
(13, 'Apex Legends', 10, 12, 34, 71, 24, 13),
(13, 'Apex Legends', 10, 13, 34, 71, 24, 13),
(13, 'Apex Legends', 10, 7, 34, 71, 24, 13),
(13, 'Apex Legends', 10, 11, 34, 71, 24, 13),
(13, 'Apex Legends', 10, 20, 34, 71, 24, 13),
(13, 'Apex Legends', 10, 21, 34, 71, 24, 13),
(13, 'Apex Legends', 19, 1, 34, 71, 24, 13),
(13, 'Apex Legends', 19, 3, 34, 71, 24, 13),
(13, 'Apex Legends', 19, 8, 34, 71, 24, 13),
(13, 'Apex Legends', 19, 12, 34, 71, 24, 13),
(13, 'Apex Legends', 19, 13, 34, 71, 24, 13),
(13, 'Apex Legends', 19, 7, 34, 71, 24, 13),
(13, 'Apex Legends', 19, 11, 34, 71, 24, 13),
(13, 'Apex Legends', 19, 20, 34, 71, 24, 13),
(13, 'Apex Legends', 19, 21, 34, 71, 24, 13),

(14, 'League of Legends', 18, 1, 32, 73, 53, 14),
(14, 'League of Legends', 18, 3, 32, 73, 53, 14),
(14, 'League of Legends', 19, 1, 32, 73, 53, 14),
(14, 'League of Legends', 19, 3, 32, 73, 53, 14),

(15, 'Call of Duty: Warzone', 10, 1, 17, 35, 3, 15),
(15, 'Call of Duty: Warzone', 10, 2, 17, 35, 3, 15),
(15, 'Call of Duty: Warzone', 10, 8, 17, 35, 3, 15),
(15, 'Call of Duty: Warzone', 10, 12, 17, 35, 3, 15),
(15, 'Call of Duty: Warzone', 10, 13, 17, 35, 3, 15),
(15, 'Call of Duty: Warzone', 10, 7, 17, 35, 3, 15),
(15, 'Call of Duty: Warzone', 10, 11, 17, 35, 3, 15),
(15, 'Call of Duty: Warzone', 19, 1, 17, 35, 3, 15),
(15, 'Call of Duty: Warzone', 19, 2, 17, 35, 3, 15),
(15, 'Call of Duty: Warzone', 19, 8, 17, 35, 3, 15),
(15, 'Call of Duty: Warzone', 19, 12, 17, 35, 3, 15),
(15, 'Call of Duty: Warzone', 19, 13, 17, 35, 3, 15),
(15, 'Call of Duty: Warzone', 19, 7, 17, 35, 3, 15),
(15, 'Call of Duty: Warzone', 19, 11, 17, 35, 3, 15),

(16, 'Super Smash Bros. Ultimate', 19, 20, 8, 7, 45, 16),
(16, 'Super Smash Bros. Ultimate', 19, 21, 8, 7, 45, 16),

(17, 'Rocket League', 34, 1, 37, 68, 50, 17),
(17, 'Rocket League', 34, 3, 37, 68, 50, 17),
(17, 'Rocket League', 34, 8, 37, 68, 50, 17),
(17, 'Rocket League', 34, 12, 37, 68, 50, 17),
(17, 'Rocket League', 34, 13, 37, 68, 50, 17),
(17, 'Rocket League', 34, 7, 37, 68, 50, 17),
(17, 'Rocket League', 34, 11, 37, 68, 50, 17),
(17, 'Rocket League', 34, 20, 37, 68, 50, 17),
(17, 'Rocket League', 34, 21, 37, 68, 50, 17),
(17, 'Rocket League', 24, 1, 37, 68, 50, 17),
(17, 'Rocket League', 24, 3, 37, 68, 50, 17),
(17, 'Rocket League', 24, 8, 37, 68, 50, 17),
(17, 'Rocket League', 24, 12, 37, 68, 50, 17),
(17, 'Rocket League', 24, 13, 37, 68, 50, 17),
(17, 'Rocket League', 24, 7, 37, 68, 50, 17),
(17, 'Rocket League', 24, 11, 37, 68, 50, 17),
(17, 'Rocket League', 24, 20, 37, 68, 50, 17),
(17, 'Rocket League', 24, 21, 37, 68, 50, 17),
(17, 'Rocket League', 19, 1, 37, 68, 50, 17),
(17, 'Rocket League', 19, 3, 37, 68, 50, 17),
(17, 'Rocket League', 19, 8, 37, 68, 50, 17),
(17, 'Rocket League', 19, 12, 37, 68, 50, 17),
(17, 'Rocket League', 19, 13, 37, 68, 50, 17),
(17, 'Rocket League', 19, 7, 37, 68, 50, 17),
(17, 'Rocket League', 19, 11, 37, 68, 50, 17),
(17, 'Rocket League', 19, 20, 37, 68, 50, 17),
(17, 'Rocket League', 19, 21, 37, 68, 50, 17),

(18, 'Destiny 2', 10, 1, 35, 13, 14, 18),
(18, 'Destiny 2', 10, 3, 35, 13, 14, 18),
(18, 'Destiny 2', 10, 8, 35, 13, 14, 18),
(18, 'Destiny 2', 10, 12, 35, 13, 14, 18),
(18, 'Destiny 2', 10, 13, 35, 13, 14, 18),
(18, 'Destiny 2', 10, 17, 35, 13, 14, 18),
(18, 'Destiny 2', 10, 11, 35, 13, 14, 18),
(18, 'Destiny 2', 19, 1, 35, 13, 14, 18),
(18, 'Destiny 2', 19, 3, 35, 13, 14, 18),
(18, 'Destiny 2', 19, 8, 35, 13, 14, 18),
(18, 'Destiny 2', 19, 12, 35, 13, 14, 18),
(18, 'Destiny 2', 19, 13, 35, 13, 14, 18),
(18, 'Destiny 2', 19, 17, 35, 13, 14, 18),
(18, 'Destiny 2', 19, 11, 35, 13, 14, 18),
(18, 'Destiny 2', 1, 1, 35, 13, 14, 18),
(18, 'Destiny 2', 1, 3, 35, 13, 14, 18),
(18, 'Destiny 2', 1, 8, 35, 13, 14, 18),
(18, 'Destiny 2', 1, 12, 35, 13, 14, 18),
(18, 'Destiny 2', 1, 13, 35, 13, 14, 18),
(18, 'Destiny 2', 1, 17, 35, 13, 14, 18),
(18, 'Destiny 2', 1, 11, 35, 13, 14, 18),
(18, 'Destiny 2', 27, 1, 35, 13, 14, 18),
(18, 'Destiny 2', 27, 3, 35, 13, 14, 18),
(18, 'Destiny 2', 27, 8, 35, 13, 14, 18),
(18, 'Destiny 2', 27, 12, 35, 13, 14, 18),
(18, 'Destiny 2', 27, 13, 35, 13, 14, 18),
(18, 'Destiny 2', 27, 17, 35, 13, 14, 18),
(18, 'Destiny 2', 27, 11, 35, 13, 14, 18),
(18, 'Destiny 2', 29, 1, 35, 13, 14, 18),
(18, 'Destiny 2', 29, 3, 35, 13, 14, 18),
(18, 'Destiny 2', 29, 8, 35, 13, 14, 18),
(18, 'Destiny 2', 29, 12, 35, 13, 14, 18),
(18, 'Destiny 2', 29, 13, 35, 13, 14, 18),
(18, 'Destiny 2', 29, 17, 35, 13, 14, 18),
(18, 'Destiny 2', 29, 11, 35, 13, 14, 18),

(19, "Assassin's Creed Odyssey", 1, 1, 1, 94, 59, 19),
(19, "Assassin's Creed Odyssey", 1, 3, 1, 94, 59, 19),
(19, "Assassin's Creed Odyssey", 1, 8, 1, 94, 59, 19),
(19, "Assassin's Creed Odyssey", 1, 12, 1, 94, 59, 19),
(19, "Assassin's Creed Odyssey", 1, 13, 1, 94, 59, 19),
(19, "Assassin's Creed Odyssey", 1, 7, 1, 94, 59, 19),
(19, "Assassin's Creed Odyssey", 1, 11, 1, 94, 59, 19),
(19, "Assassin's Creed Odyssey", 2, 1, 1, 94, 59, 19),
(19, "Assassin's Creed Odyssey", 2, 3, 1, 94, 59, 19),
(19, "Assassin's Creed Odyssey", 2, 8, 1, 94, 59, 19),
(19, "Assassin's Creed Odyssey", 2, 12, 1, 94, 59, 19),
(19, "Assassin's Creed Odyssey", 2, 13, 1, 94, 59, 19),
(19, "Assassin's Creed Odyssey", 2, 7, 1, 94, 59, 19),
(19, "Assassin's Creed Odyssey", 2, 11, 1, 94, 59, 19),
(19, "Assassin's Creed Odyssey", 21, 1, 1, 94, 59, 19),
(19, "Assassin's Creed Odyssey", 21, 3, 1, 94, 59, 19),
(19, "Assassin's Creed Odyssey", 21, 8, 1, 94, 59, 19),
(19, "Assassin's Creed Odyssey", 21, 12, 1, 94, 59, 19),
(19, "Assassin's Creed Odyssey", 21, 13, 1, 94, 59, 19),
(19, "Assassin's Creed Odyssey", 21, 7, 1, 94, 59, 19),
(19, "Assassin's Creed Odyssey", 21, 11, 1, 94, 59, 19),

(20, 'Horizon Zero Dawn', 1, 7, 36, 28, 57, 20),
(20, 'Horizon Zero Dawn', 1, 8, 36, 28, 57, 20),
(20, 'Horizon Zero Dawn', 2, 7, 36, 28, 57, 20),
(20, 'Horizon Zero Dawn', 2, 8, 36, 28, 57, 20),
(20, 'Horizon Zero Dawn', 21, 7, 36, 28, 57, 20),
(20, 'Horizon Zero Dawn', 21, 8, 36, 28, 57, 20),

(21, 'Dark Souls III', 1, 1, 10, 25, 8, 21),
(21, 'Dark Souls III', 1, 3, 10, 25, 8, 21),
(21, 'Dark Souls III', 1, 7, 10, 25, 8, 21),
(21, 'Dark Souls III', 1, 11, 10, 25, 8, 21),
(21, 'Dark Souls III', 27, 1, 10, 25, 8, 21),
(21, 'Dark Souls III', 27, 3, 10, 25, 8, 21),
(21, 'Dark Souls III', 27, 7, 10, 25, 8, 21),
(21, 'Dark Souls III', 27, 11, 10, 25, 8, 21),

(22, 'Stardew Valley', 31, 1, 14, 17, 19, 22),
(22, 'Stardew Valley', 31, 3, 14, 17, 19, 22),
(22, 'Stardew Valley', 31, 2, 14, 17, 19, 22),
(22, 'Stardew Valley', 31, 7, 14, 17, 19, 22),
(22, 'Stardew Valley', 31, 11, 14, 17, 19, 22),
(22, 'Stardew Valley', 31, 20, 14, 17, 19, 22),
(22, 'Stardew Valley', 31, 21, 14, 17, 19, 22),
(22, 'Stardew Valley', 31, 31, 14, 17, 19, 22),
(22, 'Stardew Valley', 27, 1, 14, 17, 19, 22),
(22, 'Stardew Valley', 27, 3, 14, 17, 19, 22),
(22, 'Stardew Valley', 27, 2, 14, 17, 19, 22),
(22, 'Stardew Valley', 27, 7, 14, 17, 19, 22),
(22, 'Stardew Valley', 27, 11, 14, 17, 19, 22),
(22, 'Stardew Valley', 27, 20, 14, 17, 19, 22),
(22, 'Stardew Valley', 27, 21, 14, 17, 19, 22),
(22, 'Stardew Valley', 27, 31, 14, 17, 19, 22),

(23, 'Ghost of Tsushima', 1, 7, 39, 80, 57, 23),
(23, 'Ghost of Tsushima', 1, 8, 39, 80, 57, 23),
(23, 'Ghost of Tsushima', 2, 7, 39, 80, 57, 23),
(23, 'Ghost of Tsushima', 2, 8, 39, 80, 57, 23),
(23, 'Ghost of Tsushima', 21, 7, 39, 80, 57, 23),
(23, 'Ghost of Tsushima', 21, 8, 39, 80, 57, 23),

(24, 'Battlefield 2042', 10, 1, 13, 19, 24, 24),
(24, 'Battlefield 2042', 10, 3, 13, 19, 24, 24),
(24, 'Battlefield 2042', 10, 8, 13, 19, 24, 24),
(24, 'Battlefield 2042', 10, 12, 13, 19, 24, 24),
(24, 'Battlefield 2042', 10, 14, 13, 19, 24, 24),
(24, 'Battlefield 2042', 10, 7, 13, 19, 24, 24),
(24, 'Battlefield 2042', 10, 11, 13, 19, 24, 24),
(24, 'Battlefield 2042', 19, 1, 13, 19, 24, 24),
(24, 'Battlefield 2042', 19, 3, 13, 19, 24, 24),
(24, 'Battlefield 2042', 19, 8, 13, 19, 24, 24),
(24, 'Battlefield 2042', 19, 12, 13, 19, 24, 24),
(24, 'Battlefield 2042', 19, 14, 13, 19, 24, 24),
(24, 'Battlefield 2042', 19, 7, 13, 19, 24, 24),
(24, 'Battlefield 2042', 19, 11, 13, 19, 24, 24),
(24, 'Battlefield 2042', 30, 1, 13, 19, 24, 24),
(24, 'Battlefield 2042', 30, 3, 13, 19, 24, 24),
(24, 'Battlefield 2042', 30, 8, 13, 19, 24, 24),
(24, 'Battlefield 2042', 30, 12, 13, 19, 24, 24),
(24, 'Battlefield 2042', 30, 14, 13, 19, 24, 24),
(24, 'Battlefield 2042', 30, 7, 13, 19, 24, 24),
(24, 'Battlefield 2042', 30, 11, 13, 19, 24, 24),

(25, 'Celeste', 22, 1, 21, 45, 38, 25),
(25, 'Celeste', 22, 3, 21, 45, 38, 25),
(25, 'Celeste', 22, 2, 21, 45, 38, 25),
(25, 'Celeste', 22, 7, 21, 45, 38, 25),
(25, 'Celeste', 22, 11, 21, 45, 38, 25),
(25, 'Celeste', 22, 20, 21, 45, 38, 25),
(25, 'Celeste', 22, 21, 21, 45, 38, 25),
(25, 'Celeste', 14, 1, 21, 45, 38, 25),
(25, 'Celeste', 14, 3, 21, 45, 38, 25),
(25, 'Celeste', 14, 2, 21, 45, 38, 25),
(25, 'Celeste', 14, 7, 21, 45, 38, 25),
(25, 'Celeste', 14, 11, 21, 45, 38, 25),
(25, 'Celeste', 14, 20, 21, 45, 38, 25),
(25, 'Celeste', 14, 21, 21, 45, 38, 25),

(26, 'Monster Hunter: World', 1, 1, 22, 14, 15, 26),
(26, 'Monster Hunter: World', 1, 3, 22, 14, 15, 26),
(26, 'Monster Hunter: World', 1, 7, 22, 14, 15, 26),
(26, 'Monster Hunter: World', 1, 11, 22, 14, 15, 26),
(26, 'Monster Hunter: World', 27, 1, 22, 14, 15, 26),
(26, 'Monster Hunter: World', 27, 3, 22, 14, 15, 26),
(26, 'Monster Hunter: World', 27, 7, 22, 14, 15, 26),
(26, 'Monster Hunter: World', 27, 11, 22, 14, 15, 26),
(26, 'Monster Hunter: World', 21, 1, 22, 14, 15, 26),
(26, 'Monster Hunter: World', 21, 3, 22, 14, 15, 26),
(26, 'Monster Hunter: World', 21, 7, 22, 14, 15, 26),
(26, 'Monster Hunter: World', 21, 11, 22, 14, 15, 26),

(27, 'DOOM Eternal', 10, 1, 15, 34, 9, 27),
(27, 'DOOM Eternal', 10, 3, 15, 34, 9, 27),
(27, 'DOOM Eternal', 10, 8, 15, 34, 9, 27),
(27, 'DOOM Eternal', 10, 12, 15, 34, 9, 27),
(27, 'DOOM Eternal', 10, 13, 15, 34, 9, 27),
(27, 'DOOM Eternal', 10, 17, 15, 34, 9, 27),
(27, 'DOOM Eternal', 10, 11, 15, 34, 9, 27),
(27, 'DOOM Eternal', 1, 1, 15, 34, 9, 27),
(27, 'DOOM Eternal', 1, 3, 15, 34, 9, 27),
(27, 'DOOM Eternal', 1, 8, 15, 34, 9, 27),
(27, 'DOOM Eternal', 1, 12, 15, 34, 9, 27),
(27, 'DOOM Eternal', 1, 13, 15, 34, 9, 27),
(27, 'DOOM Eternal', 1, 17, 15, 34, 9, 27),
(27, 'DOOM Eternal', 1, 11, 15, 34, 9, 27),

(28, 'Hades', 25, 1, 9, 81, 60, 28),
(28, 'Hades', 25, 3, 9, 81, 60, 28),
(28, 'Hades', 25, 2, 9, 81, 60, 28),
(28, 'Hades', 25, 20, 9, 81, 60, 28),
(28, 'Hades', 25, 21, 9, 81, 60, 28),
(28, 'Hades', 1, 1, 9, 81, 60, 28),
(28, 'Hades', 1, 3, 9, 81, 60, 28),
(28, 'Hades', 1, 2, 9, 81, 60, 28),
(28, 'Hades', 1, 20, 9, 81, 60, 28),
(28, 'Hades', 1, 21, 9, 81, 60, 28),
(28, 'Hades', 14, 1, 9, 81, 60, 28),
(28, 'Hades', 14, 3, 9, 81, 60, 28),
(28, 'Hades', 14, 2, 9, 81, 60, 28),
(28, 'Hades', 14, 20, 9, 81, 60, 28),
(28, 'Hades', 14, 21, 9, 81, 60, 28),

(29, 'Fall Guys: Ultimate Knockout', 19, 1, 36, 47, 24, 29),
(29, 'Fall Guys: Ultimate Knockout', 19, 3, 36, 47, 24, 29),
(29, 'Fall Guys: Ultimate Knockout', 19, 7, 36, 47, 24, 29),
(29, 'Fall Guys: Ultimate Knockout', 19, 8, 36, 47, 24, 29),

(30, 'Resident Evil Village', 39, 1, 29, 14, 15, 30),
(30, 'Resident Evil Village', 39, 3, 29, 14, 15, 30),
(30, 'Resident Evil Village', 39, 8, 29, 14, 15, 30),
(30, 'Resident Evil Village', 39, 12, 29, 14, 15, 30),
(30, 'Resident Evil Village', 39, 13, 29, 14, 15, 30),
(30, 'Resident Evil Village', 39, 7, 29, 14, 15, 30),
(30, 'Resident Evil Village', 39, 11, 29, 14, 15, 30),
(30, 'Resident Evil Village', 13, 1, 29, 14, 15, 30),
(30, 'Resident Evil Village', 13, 3, 29, 14, 15, 30),
(30, 'Resident Evil Village', 13, 8, 29, 14, 15, 30),
(30, 'Resident Evil Village', 13, 12, 29, 14, 15, 30),
(30, 'Resident Evil Village', 13, 13, 29, 14, 15, 30),
(30, 'Resident Evil Village', 13, 7, 29, 14, 15, 30),
(30, 'Resident Evil Village', 13, 11, 29, 14, 15, 30),
(30, 'Resident Evil Village', 1, 1, 29, 14, 15, 30),
(30, 'Resident Evil Village', 1, 3, 29, 14, 15, 30),
(30, 'Resident Evil Village', 1, 8, 29, 14, 15, 30),
(30, 'Resident Evil Village', 1, 12, 29, 14, 15, 30),
(30, 'Resident Evil Village', 1, 13, 29, 14, 15, 30),
(30, 'Resident Evil Village', 1, 7, 29, 14, 15, 30),
(30, 'Resident Evil Village', 1, 11, 29, 14, 15, 30),

(31, 'Death Stranding', 1, 7, 10, 42, 57, 31),
(31, 'Death Stranding', 1, 8, 10, 42, 57, 31),
(31, 'Death Stranding', 1, 1, 10, 42, 57, 31),
(31, 'Death Stranding', 1, 3, 10, 42, 57, 31),
(31, 'Death Stranding', 2, 7, 10, 42, 57, 31),
(31, 'Death Stranding', 2, 8, 10, 42, 57, 31),
(31, 'Death Stranding', 2, 1, 10, 42, 57, 31),
(31, 'Death Stranding', 2, 3, 10, 42, 57, 31),
(31, 'Death Stranding', 29, 7, 10, 42, 57, 31),
(31, 'Death Stranding', 29, 8, 10, 42, 57, 31),
(31, 'Death Stranding', 29, 1, 10, 42, 57, 31),
(31, 'Death Stranding', 29, 3, 10, 42, 57, 31),

(32, 'Genshin Impact', 1, 1, 8, 50, 41, 32),
(32, 'Genshin Impact', 1, 3, 8, 50, 41, 32),
(32, 'Genshin Impact', 1, 7, 8, 50, 41, 32),
(32, 'Genshin Impact', 1, 8, 8, 50, 41, 32),
(32, 'Genshin Impact', 1, 25, 8, 50, 41, 32),
(32, 'Genshin Impact', 1, 26, 8, 50, 41, 32),
(32, 'Genshin Impact', 1, 20, 8, 50, 41, 32),
(32, 'Genshin Impact', 1, 21, 8, 50, 41, 32),
(32, 'Genshin Impact', 27, 1, 8, 50, 41, 32),
(32, 'Genshin Impact', 27, 3, 8, 50, 41, 32),
(32, 'Genshin Impact', 27, 7, 8, 50, 41, 32),
(32, 'Genshin Impact', 27, 8, 8, 50, 41, 32),
(32, 'Genshin Impact', 27, 25, 8, 50, 41, 32),
(32, 'Genshin Impact', 27, 26, 8, 50, 41, 32),
(32, 'Genshin Impact', 27, 20, 8, 50, 41, 32),
(32, 'Genshin Impact', 27, 21, 8, 50, 41, 32),
(32, 'Genshin Impact', 21, 1, 8, 50, 41, 32),
(32, 'Genshin Impact', 21, 3, 8, 50, 41, 32),
(32, 'Genshin Impact', 21, 7, 8, 50, 41, 32),
(32, 'Genshin Impact', 21, 8, 8, 50, 41, 32),
(32, 'Genshin Impact', 21, 25, 8, 50, 41, 32),
(32, 'Genshin Impact', 21, 26, 8, 50, 41, 32),
(32, 'Genshin Impact', 21, 20, 8, 50, 41, 32),
(32, 'Genshin Impact', 21, 21, 8, 50, 41, 32),

(33, 'Control', 1, 1, 25, 70, 2, 33),
(33, 'Control', 1, 3, 25, 70, 2, 33),
(33, 'Control', 1, 8, 25, 70, 2, 33),
(33, 'Control', 1, 12, 25, 70, 2, 33),
(33, 'Control', 1, 13, 25, 70, 2, 33),
(33, 'Control', 1, 7, 25, 70, 2, 33),
(33, 'Control', 1, 11, 25, 70, 2, 33),
(33, 'Control', 2, 1, 25, 70, 2, 33),
(33, 'Control', 2, 3, 25, 70, 2, 33),
(33, 'Control', 2, 8, 25, 70, 2, 33),
(33, 'Control', 2, 12, 25, 70, 2, 33),
(33, 'Control', 2, 13, 25, 70, 2, 33),
(33, 'Control', 2, 7, 25, 70, 2, 33),
(33, 'Control', 2, 11, 25, 70, 2, 33),
(33, 'Control', 38, 1, 25, 70, 2, 33),
(33, 'Control', 38, 3, 25, 70, 2, 33),
(33, 'Control', 38, 8, 25, 70, 2, 33),
(33, 'Control', 38, 12, 25, 70, 2, 33),
(33, 'Control', 38, 13, 25, 70, 2, 33),
(33, 'Control', 38, 7, 25, 70, 2, 33),
(33, 'Control', 38, 11, 25, 70, 2, 33),

(34, 'Slay the spire', 37, 1, 19, 48, 29, 34),
(34, 'Slay the spire', 37, 3, 19, 48, 29, 34),
(34, 'Slay the spire', 37, 2, 19, 48, 29, 34),
(34, 'Slay the spire', 37, 7, 19, 48, 29, 34),
(34, 'Slay the spire', 37, 11, 19, 48, 29, 34),
(34, 'Slay the spire', 37, 20, 19, 48, 29, 34),
(34, 'Slay the spire', 37, 21, 19, 48, 29, 34),
(34, 'Slay the spire', 37, 31, 19, 48, 29, 34),
(34, 'Slay the spire', 14, 1, 19, 48, 29, 34),
(34, 'Slay the spire', 14, 3, 19, 48, 29, 34),
(34, 'Slay the spire', 14, 2, 19, 48, 29, 34),
(34, 'Slay the spire', 14, 7, 19, 48, 29, 34),
(34, 'Slay the spire', 14, 11, 19, 48, 29, 34),
(34, 'Slay the spire', 14, 20, 19, 48, 29, 34),
(34, 'Slay the spire', 14, 21, 19, 48, 29, 34),
(34, 'Slay the spire', 14, 31, 19, 48, 29, 34),

(35, 'Disco Elysium', 27, 1, 36, 102, 79, 35),
(35, 'Disco Elysium', 27, 3, 36, 102, 79, 35),
(35, 'Disco Elysium', 27, 8, 36, 102, 79, 35),
(35, 'Disco Elysium', 27, 7, 36, 102, 79, 35),
(35, 'Disco Elysium', 27, 12, 36, 102, 79, 35),
(35, 'Disco Elysium', 27, 13, 36, 102, 79, 35),
(35, 'Disco Elysium', 27, 20, 36, 102, 79, 35),
(35, 'Disco Elysium', 27, 21, 36, 102, 79, 35),
(35, 'Disco Elysium', 36, 1, 36, 102, 79, 35),
(35, 'Disco Elysium', 36, 3, 36, 102, 79, 35),
(35, 'Disco Elysium', 36, 8, 36, 102, 79, 35),
(35, 'Disco Elysium', 36, 7, 36, 102, 79, 35),
(35, 'Disco Elysium', 36, 12, 36, 102, 79, 35),
(35, 'Disco Elysium', 36, 13, 36, 102, 79, 35),
(35, 'Disco Elysium', 36, 20, 36, 102, 79, 35),
(35, 'Disco Elysium', 36, 21, 36, 102, 79, 35),

(36, 'Ori and the Will of the Wisps', 22, 1, 36, 56, 77, 36),
(36, 'Ori and the Will of the Wisps', 22, 3, 36, 56, 77, 36),
(36, 'Ori and the Will of the Wisps', 22, 11, 36, 56, 77, 36),
(36, 'Ori and the Will of the Wisps', 22, 12, 36, 56, 77, 36),
(36, 'Ori and the Will of the Wisps', 22, 13, 36, 56, 77, 36),
(36, 'Ori and the Will of the Wisps', 2, 1, 36, 56, 77, 36),
(36, 'Ori and the Will of the Wisps', 2, 3, 36, 56, 77, 36),
(36, 'Ori and the Will of the Wisps', 2, 11, 36, 56, 77, 36),
(36, 'Ori and the Will of the Wisps', 2, 12, 36, 56, 77, 36),
(36, 'Ori and the Will of the Wisps', 2, 13, 36, 56, 77, 36),

(37, 'Valheim', 39, 1, 36, 39, 18, 37),
(37, 'Valheim', 39, 3, 36, 39, 18, 37),
(37, 'Valheim', 28, 1, 36, 39, 18, 37),
(37, 'Valheim', 28, 3, 36, 39, 18, 37),
(37, 'Valheim', 14, 1, 36, 39, 18, 37),
(37, 'Valheim', 14, 3, 36, 39, 18, 37),
(38, 'No Mans Sky', 1, 1, 8, 33, 28, 38),
(38, 'No Mans Sky', 1, 3, 8, 33, 28, 38),
(38, 'No Mans Sky', 1, 7, 8, 33, 28, 38),
(38, 'No Mans Sky', 1, 11, 8, 33, 28, 38),
(38, 'No Mans Sky', 2, 1, 8, 33, 28, 38),
(38, 'No Mans Sky', 2, 3, 8, 33, 28, 38),
(38, 'No Mans Sky', 2, 7, 8, 33, 28, 38),
(38, 'No Mans Sky', 2, 11, 8, 33, 28, 38),
(38, 'No Mans Sky', 21, 1, 8, 33, 28, 38),
(38, 'No Mans Sky', 21, 3, 8, 33, 28, 38),
(38, 'No Mans Sky', 21, 7, 8, 33, 28, 38),
(38, 'No Mans Sky', 21, 11, 8, 33, 28, 38),

(39, 'Phasmophobia', 13, 1, 36, 40, 33, 39),
(39, 'Phasmophobia', 13, 3, 36, 40, 33, 39),
(39, 'Phasmophobia', 5, 1, 36, 40, 33, 39),
(39, 'Phasmophobia', 5, 3, 36, 40, 33, 39),
(39, 'Phasmophobia', 14, 1, 36, 40, 33, 39),
(39, 'Phasmophobia', 14, 3, 36, 40, 33, 39),

(40, 'Half-Life: Alyx', 40, 1, 33, 96, 71, 40),
(40, 'Half-Life: Alyx', 40, 3, 33, 96, 71, 40),
(40, 'Half-Life: Alyx', 1, 1, 33, 96, 71, 40),
(40, 'Half-Life: Alyx', 1, 3, 33, 96, 71, 40),
(40, 'Half-Life: Alyx', 30, 1, 33, 96, 71, 40),
(40, 'Half-Life: Alyx', 30, 3, 33, 96, 71, 40),

(41, 'Outer Wilds', 8, 1, 36, 52, 5, 41),
(41, 'Outer Wilds', 8, 3, 36, 52, 5, 41),
(41, 'Outer Wilds', 8, 7, 36, 52, 5, 41),
(41, 'Outer Wilds', 8, 11, 36, 52, 5, 41),
(41, 'Outer Wilds', 2, 1, 36, 52, 5, 41),
(41, 'Outer Wilds', 2, 3, 36, 52, 5, 41),
(41, 'Outer Wilds', 2, 7, 36, 52, 5, 41),
(41, 'Outer Wilds', 2, 11, 36, 52, 5, 41),
(41, 'Outer Wilds', 23, 1, 36, 52, 5, 41),
(41, 'Outer Wilds', 23, 3, 36, 52, 5, 41),
(41, 'Outer Wilds', 23, 7, 36, 52, 5, 41),
(41, 'Outer Wilds', 23, 11, 36, 52, 5, 41),

(42, 'Disco Elysium: The Final Cut', 27, 1, 36, 102, 79, 42),
(42, 'Disco Elysium: The Final Cut', 27, 3, 36, 102, 79, 42),
(42, 'Disco Elysium: The Final Cut', 27, 8, 36, 102, 79, 42),
(42, 'Disco Elysium: The Final Cut', 27, 7, 36, 102, 79, 42),
(42, 'Disco Elysium: The Final Cut', 27, 12, 36, 102, 79, 42),
(42, 'Disco Elysium: The Final Cut', 27, 13, 36, 102, 79, 42),
(42, 'Disco Elysium: The Final Cut', 27, 20, 36, 102, 79, 42),
(42, 'Disco Elysium: The Final Cut', 27, 21, 36, 102, 79, 42),

(42, 'Disco Elysium: The Final Cut', 36, 1, 36, 102, 79, 42),
(42, 'Disco Elysium: The Final Cut', 36, 3, 36, 102, 79, 42),
(42, 'Disco Elysium: The Final Cut', 36, 8, 36, 102, 79, 42),
(42, 'Disco Elysium: The Final Cut', 36, 7, 36, 102, 79, 42),
(42, 'Disco Elysium: The Final Cut', 36, 12, 36, 102, 79, 42),
(42, 'Disco Elysium: The Final Cut', 36, 13, 36, 102, 79, 42),
(42, 'Disco Elysium: The Final Cut', 36, 20, 36, 102, 79, 42),
(42, 'Disco Elysium: The Final Cut', 36, 21, 36, 102, 79, 42),

(43, 'Star Wars Jedi: Fallen Order', 1, 1, 39, 71, 24, 43),
(43, 'Star Wars Jedi: Fallen Order', 1, 3, 39, 71, 24, 43),
(43, 'Star Wars Jedi: Fallen Order', 1, 8, 39, 71, 24, 43),
(43, 'Star Wars Jedi: Fallen Order', 1, 12, 39, 71, 24, 43),
(43, 'Star Wars Jedi: Fallen Order', 1, 13, 39, 71, 24, 43),
(43, 'Star Wars Jedi: Fallen Order', 1, 7, 39, 71, 24, 43),
(43, 'Star Wars Jedi: Fallen Order', 1, 11, 39, 71, 24, 43),
(43, 'Star Wars Jedi: Fallen Order', 2, 1, 39, 71, 24, 43),
(43, 'Star Wars Jedi: Fallen Order', 2, 3, 39, 71, 24, 43),
(43, 'Star Wars Jedi: Fallen Order', 2, 8, 39, 71, 24, 43),
(43, 'Star Wars Jedi: Fallen Order', 2, 12, 39, 71, 24, 43),
(43, 'Star Wars Jedi: Fallen Order', 2, 13, 39, 71, 24, 43),
(43, 'Star Wars Jedi: Fallen Order', 2, 7, 39, 71, 24, 43),
(43, 'Star Wars Jedi: Fallen Order', 2, 11, 39, 71, 24, 43),

(44, 'Persona 5', 15, 7, 8, 5, 7, 44),
(44, 'Persona 5', 15, 8, 8, 5, 7, 44),
(44, 'Persona 5', 3, 7, 8, 5, 7, 44),
(44, 'Persona 5', 3, 8, 8, 5, 7, 44),

(45, 'Subnautica', 39, 1, 36, 95, 70, 45),
(45, 'Subnautica', 39, 3, 36, 95, 70, 45),
(45, 'Subnautica', 39, 7, 36, 95, 70, 45),
(45, 'Subnautica', 39, 11, 36, 95, 70, 45),
(45, 'Subnautica', 39, 20, 36, 95, 70, 45),
(45, 'Subnautica', 39, 21, 36, 95, 70, 45),
(45, 'Subnautica', 2, 1, 36, 95, 70, 45),
(45, 'Subnautica', 2, 3, 36, 95, 70, 45),
(45, 'Subnautica', 2, 7, 36, 95, 70, 45),
(45, 'Subnautica', 2, 11, 36, 95, 70, 45),
(45, 'Subnautica', 2, 20, 36, 95, 70, 45),
(45, 'Subnautica', 2, 21, 36, 95, 70, 45),

(46, 'It Takes Two', 5, 1, 39, 32, 24, 46),
(46, 'It Takes Two', 5, 3, 39, 32, 24, 46),
(46, 'It Takes Two', 5, 8, 39, 32, 24, 46),
(46, 'It Takes Two', 5, 12, 39, 32, 24, 46),
(46, 'It Takes Two', 5, 13, 39, 32, 24, 46),
(46, 'It Takes Two', 5, 7, 39, 32, 24, 46),
(46, 'It Takes Two', 5, 11, 39, 32, 24, 46),

(46, 'It Takes Two', 23, 1, 39, 32, 24, 46),
(46, 'It Takes Two', 23, 3, 39, 32, 24, 46),
(46, 'It Takes Two', 23, 8, 39, 32, 24, 46),
(46, 'It Takes Two', 23, 12, 39, 32, 24, 46),
(46, 'It Takes Two', 23, 13, 39, 32, 24, 46),
(46, 'It Takes Two', 23, 7, 39, 32, 24, 46),
(46, 'It Takes Two', 23, 11, 39, 32, 24, 46),

(47, 'Octopath Traveler', 15, 1, 39, 79, 59, 47),
(47, 'Octopath Traveler', 15, 3, 39, 79, 59, 47),
(47, 'Octopath Traveler', 15, 20, 39, 79, 59, 47),
(47, 'Octopath Traveler', 15, 21, 39, 79, 59, 47),

(48, 'RimWorld', 31, 1, 36, 44, 37, 48),
(48, 'RimWorld', 31, 3, 36, 44, 37, 48),
(48, 'RimWorld', 37, 1, 36, 44, 37, 48),
(48, 'RimWorld', 37, 3, 36, 44, 37, 48),
(48, 'RimWorld', 14, 1, 36, 44, 37, 48),
(48, 'RimWorld', 14, 3, 36, 44, 37, 48),

(49, 'Nier: Automata', 1, 1, 27, 65, 59, 49),
(49, 'Nier: Automata', 1, 3, 27, 65, 59, 49),
(49, 'Nier: Automata', 1, 7, 27, 65, 59, 49),
(49, 'Nier: Automata', 1, 11, 27, 65, 59, 49),
(49, 'Nier: Automata', 27, 1, 27, 65, 59, 49),
(49, 'Nier: Automata', 27, 3, 27, 65, 59, 49),
(49, 'Nier: Automata', 27, 7, 27, 65, 59, 49),
(49, 'Nier: Automata', 27, 11, 27, 65, 59, 49),
(49, 'Nier: Automata', 12, 1, 27, 65, 59, 49),
(49, 'Nier: Automata', 12, 3, 27, 65, 59, 49),
(49, 'Nier: Automata', 12, 7, 27, 65, 59, 49),
(49, 'Nier: Automata', 12, 11, 27, 65, 59, 49),

(50, 'Little Nightmares II', 13, 1, 39, 83, 8, 50),
(50, 'Little Nightmares II', 13, 3, 39, 83, 8, 50),
(50, 'Little Nightmares II', 13, 8, 39, 83, 8, 50),
(50, 'Little Nightmares II', 13, 12, 39, 83, 8, 50),
(50, 'Little Nightmares II', 13, 13, 39, 83, 8, 50),
(50, 'Little Nightmares II', 13, 7, 39, 83, 8, 50),
(50, 'Little Nightmares II', 13, 11, 39, 83, 8, 50),
(50, 'Little Nightmares II', 13, 20, 39, 83, 8, 50),
(50, 'Little Nightmares II', 13, 21, 39, 83, 8, 50),
(50, 'Little Nightmares II', 23, 1, 39, 83, 8, 50),
(50, 'Little Nightmares II', 23, 3, 39, 83, 8, 50),
(50, 'Little Nightmares II', 23, 8, 39, 83, 8, 50),
(50, 'Little Nightmares II', 23, 12, 39, 83, 8, 50),
(50, 'Little Nightmares II', 23, 13, 39, 83, 8, 50),
(50, 'Little Nightmares II', 23, 7, 39, 83, 8, 50),
(50, 'Little Nightmares II', 23, 11, 39, 83, 8, 50),
(50, 'Little Nightmares II', 23, 20, 39, 83, 8, 50),
(50, 'Little Nightmares II', 23, 21, 39, 83, 8, 50),
(50, 'Little Nightmares II', 22, 1, 39, 83, 8, 50),
(50, 'Little Nightmares II', 22, 3, 39, 83, 8, 50),
(50, 'Little Nightmares II', 22, 8, 39, 83, 8, 50),
(50, 'Little Nightmares II', 22, 12, 39, 83, 8, 50),
(50, 'Little Nightmares II', 22, 13, 39, 83, 8, 50),
(50, 'Little Nightmares II', 22, 7, 39, 83, 8, 50),
(50, 'Little Nightmares II', 22, 11, 39, 83, 8, 50),
(50, 'Little Nightmares II', 22, 20, 39, 83, 8, 50),
(50, 'Little Nightmares II', 22, 21, 39, 83, 8, 50),

(51, 'Deathloop', 1, 1, 40, 3, 9, 51),
(51, 'Deathloop', 1, 3, 40, 3, 9, 51),
(51, 'Deathloop', 1, 20, 40, 3, 9, 51),
(51, 'Deathloop', 2, 1, 40, 3, 9, 51),
(51, 'Deathloop', 2, 3, 40, 3, 9, 51),
(51, 'Deathloop', 2, 20, 40, 3, 9, 51),

(52, 'Factorio', 31, 1, 8, 100, 76, 52),
(52, 'Factorio', 31, 3, 8, 100, 76, 52),
(52, 'Factorio', 37, 1, 8, 100, 76, 52),
(52, 'Factorio', 37, 1, 8, 100, 76, 52),
(52, 'Factorio', 14, 1, 8, 100, 76, 52),
(52, 'Factorio', 14, 1, 8, 100, 76, 52),

(53, 'Pillars of Eternity II: Deadfire', 27, 1, 36, 62, 72, 53),
(53, 'Pillars of Eternity II: Deadfire', 27, 3, 36, 62, 72, 53),
(53, 'Pillars of Eternity II: Deadfire', 27, 7, 36, 62, 72, 53),
(53, 'Pillars of Eternity II: Deadfire', 27, 11, 36, 62, 72, 53),
(53, 'Pillars of Eternity II: Deadfire', 27, 20, 36, 62, 72, 53),
(53, 'Pillars of Eternity II: Deadfire', 27, 21, 36, 62, 72, 53),

(53, 'Pillars of Eternity II: Deadfire', 9, 1, 36, 62, 72, 53),
(53, 'Pillars of Eternity II: Deadfire', 9, 3, 36, 62, 72, 53),
(53, 'Pillars of Eternity II: Deadfire', 9, 7, 36, 62, 72, 53),
(53, 'Pillars of Eternity II: Deadfire', 9, 11, 36, 62, 72, 53),
(53, 'Pillars of Eternity II: Deadfire', 9, 20, 36, 62, 72, 53),
(53, 'Pillars of Eternity II: Deadfire', 9, 21, 36, 62, 72, 53),

(54, 'Kingdom Come: Deliverance', 27, 1, 6, 98, 22, 54),
(54, 'Kingdom Come: Deliverance', 27, 3, 6, 98, 22, 54),
(54, 'Kingdom Come: Deliverance', 27, 7, 6, 98, 22, 54),
(54, 'Kingdom Come: Deliverance', 27, 11, 6, 98, 22, 54),
(54, 'Kingdom Come: Deliverance', 21, 1, 6, 98, 22, 54),
(54, 'Kingdom Come: Deliverance', 21, 3, 6, 98, 22, 54),
(54, 'Kingdom Come: Deliverance', 21, 7, 6, 98, 22, 54),
(54, 'Kingdom Come: Deliverance', 21, 11, 6, 98, 22, 54),

(55, 'The Outer Worlds', 27, 1, 39, 62, 48, 55),
(55, 'The Outer Worlds', 27, 3, 39, 62, 48, 55),
(55, 'The Outer Worlds', 27, 7, 39, 62, 48, 55),
(55, 'The Outer Worlds', 27, 11, 39, 62, 48, 55),
(55, 'The Outer Worlds', 27, 20, 39, 62, 48, 55),
(55, 'The Outer Worlds', 27, 21, 39, 62, 48, 55),

(55, 'The Outer Worlds', 29, 1, 39, 62, 48, 55),
(55, 'The Outer Worlds', 29, 3, 39, 62, 48, 55),
(55, 'The Outer Worlds', 29, 7, 39, 62, 48, 55),
(55, 'The Outer Worlds', 29, 11, 39, 62, 48, 55),
(55, 'The Outer Worlds', 29, 20, 39, 62, 48, 55),
(55, 'The Outer Worlds', 29, 21, 39, 62, 48, 55),


(55, 'The Outer Worlds', 1, 1, 39, 62, 48, 55),
(55, 'The Outer Worlds', 1, 3, 39, 62, 48, 55),
(55, 'The Outer Worlds', 1, 7, 39, 62, 48, 55),
(55, 'The Outer Worlds', 1, 11, 39, 62, 48, 55),
(55, 'The Outer Worlds', 1, 20, 39, 62, 48, 55),
(55, 'The Outer Worlds', 1, 21, 39, 62, 48, 55),

(56, 'A Plague Tale: Innocence', 1, 1, 2, 4, 27, 56),
(56, 'A Plague Tale: Innocence', 1, 3, 2, 4, 27, 56),
(56, 'A Plague Tale: Innocence', 1, 8, 2, 4, 27, 56),
(56, 'A Plague Tale: Innocence', 1, 12, 2, 4, 27, 56),
(56, 'A Plague Tale: Innocence', 1, 13, 2, 4, 27, 56),
(56, 'A Plague Tale: Innocence', 1, 7, 2, 4, 27, 56),
(56, 'A Plague Tale: Innocence', 1, 11, 2, 4, 27, 56),
(56, 'A Plague Tale: Innocence', 2, 1, 2, 4, 27, 56),
(56, 'A Plague Tale: Innocence', 2, 3, 2, 4, 27, 56),
(56, 'A Plague Tale: Innocence', 2, 8, 2, 4, 27, 56),
(56, 'A Plague Tale: Innocence', 2, 12, 2, 4, 27, 56),
(56, 'A Plague Tale: Innocence', 2, 13, 2, 4, 27, 56),
(56, 'A Plague Tale: Innocence', 2, 7, 2, 4, 27, 56),
(56, 'A Plague Tale: Innocence', 2, 11, 2, 4, 27, 56),
(56, 'A Plague Tale: Innocence', 35, 1, 2, 4, 27, 56),
(56, 'A Plague Tale: Innocence', 35, 3, 2, 4, 27, 56),
(56, 'A Plague Tale: Innocence', 35, 8, 2, 4, 27, 56),
(56, 'A Plague Tale: Innocence', 35, 12, 2, 4, 27, 56),
(56, 'A Plague Tale: Innocence', 35, 13, 2, 4, 27, 56),
(56, 'A Plague Tale: Innocence', 35, 7, 2, 4, 27, 56),
(56, 'A Plague Tale: Innocence', 35, 11, 2, 4, 27, 56),

(57, 'Metroid Dread', 1, 20, 8, 49, 45, 57),
(57, 'Metroid Dread', 1, 21, 8, 49, 45, 57),
(57, 'Metroid Dread', 1, 20, 8, 61, 45, 57),
(57, 'Metroid Dread', 1, 21, 8, 61, 45, 57),
(57, 'Metroid Dread', 2, 20, 8, 49, 45, 57),
(57, 'Metroid Dread', 2, 21, 8, 49, 45, 57),
(57, 'Metroid Dread', 2, 20, 8, 61, 45, 57),
(57, 'Metroid Dread', 2, 21, 8, 61, 45, 57),
(57, 'Metroid Dread', 39, 20, 8, 49, 45, 57),
(57, 'Metroid Dread', 39, 21, 8, 49, 45, 57),
(57, 'Metroid Dread', 39, 20, 8, 61, 45, 57),
(57, 'Metroid Dread', 39, 21, 8, 61, 45, 57),

(58, 'Disco Elysium: The Final Cut', 27, 1, 36, 102, 79, 58),
(58, 'Disco Elysium: The Final Cut', 27, 3, 36, 102, 79, 58),
(58, 'Disco Elysium: The Final Cut', 27, 8, 36, 102, 79, 58),
(58, 'Disco Elysium: The Final Cut', 27, 7, 36, 102, 79, 58),
(58, 'Disco Elysium: The Final Cut', 27, 12, 36, 102, 79, 58),
(58, 'Disco Elysium: The Final Cut', 27, 13, 36, 102, 79, 58),
(58, 'Disco Elysium: The Final Cut', 27, 20, 36, 102, 79, 58),
(58, 'Disco Elysium: The Final Cut', 27, 21, 36, 102, 79, 58),

(59, 'Valheim', 39, 1, 36, 39, 18, 59),
(59, 'Valheim', 39, 3, 36, 39, 18, 59),
(59, 'Valheim', 28, 1, 36, 39, 18, 59),
(59, 'Valheim', 28, 3, 36, 39, 18, 59),
(59, 'Valheim', 14, 1, 36, 39, 18, 59),
(59, 'Valheim', 14, 3, 36, 39, 18, 59),

(60, 'Death Stranding', 1, 7, 10, 42, 57, 60),
(60, 'Death Stranding', 1, 8, 10, 42, 57, 60),
(60, 'Death Stranding', 1, 1, 10, 42, 57, 60),
(60, 'Death Stranding', 1, 3, 10, 42, 57, 60),
(60, 'Death Stranding', 2, 7, 10, 42, 57, 60),
(60, 'Death Stranding', 2, 8, 10, 42, 57, 60),
(60, 'Death Stranding', 2, 1, 10, 42, 57, 60),
(60, 'Death Stranding', 2, 3, 10, 42, 57, 60),
(60, 'Death Stranding', 29, 7, 10, 42, 57, 60),
(60, 'Death Stranding', 29, 8, 10, 42, 57, 60),
(60, 'Death Stranding', 29, 1, 10, 42, 57, 60),
(60, 'Death Stranding', 29, 3, 10, 42, 57, 60),

(61, 'Fire Emblem: Three Houses', 27, 20, 10, 42, 57, 60),
(61, 'Fire Emblem: Three Houses', 27, 21, 10, 42, 57, 60),
(61, 'Fire Emblem: Three Houses', 37, 20, 10, 42, 57, 60),
(61, 'Fire Emblem: Three Houses', 37, 21, 10, 42, 57, 60),
(61, 'Fire Emblem: Three Houses', 9, 20, 10, 42, 57, 60),
(61, 'Fire Emblem: Three Houses', 9, 21, 10, 42, 57, 60),

(62, 'Dying Light 2', 1, 1, 5, 85, 63, 62),
(62, 'Dying Light 2', 1, 3, 5, 85, 63, 62),
(62, 'Dying Light 2', 1, 8, 5, 85, 63, 62),
(62, 'Dying Light 2', 1, 12, 5, 85, 63, 62),
(62, 'Dying Light 2', 1, 13, 5, 85, 63, 62),
(62, 'Dying Light 2', 39, 1, 5, 85, 63, 62),
(62, 'Dying Light 2', 39, 3, 5, 85, 63, 62),
(62, 'Dying Light 2', 39, 8, 5, 85, 63, 62),
(62, 'Dying Light 2', 39, 12, 5, 85, 63, 62),
(62, 'Dying Light 2', 39, 13, 5, 85, 63, 62),
(62, 'Dying Light 2', 21, 1, 5, 85, 63, 62),
(62, 'Dying Light 2', 21, 3, 5, 85, 63, 62),
(62, 'Dying Light 2', 21, 8, 5, 85, 63, 62),
(62, 'Dying Light 2', 21, 12, 5, 85, 63, 62),
(62, 'Dying Light 2', 21, 13, 5, 85, 63, 62),

(63, 'Sable', 8, 1, 39, 78, 51, 63),
(63, 'Sable', 8, 3, 39, 78, 51, 63),
(63, 'Sable', 8, 12, 39, 78, 51, 63),
(63, 'Sable', 8, 13, 39, 78, 51, 63),
(63, 'Sable', 8, 11, 39, 78, 51, 63),
(63, 'Sable', 2, 1, 39, 78, 51, 63),
(63, 'Sable', 2, 3, 39, 78, 51, 63),
(63, 'Sable', 2, 12, 39, 78, 51, 63),
(63, 'Sable', 2, 13, 39, 78, 51, 63),
(63, 'Sable', 2, 11, 39, 78, 51, 63),
(63, 'Sable', 14, 1, 39, 78, 51, 63),
(63, 'Sable', 14, 3, 39, 78, 51, 63),
(63, 'Sable', 14, 12, 39, 78, 51, 63),
(63, 'Sable', 14, 13, 39, 78, 51, 63),
(63, 'Sable', 14, 11, 39, 78, 51, 63),

(64, 'Loop Hero', 14, 1, 9, 24, 23, 64),
(64, 'Loop Hero', 14, 3, 9, 24, 23, 64),
(64, 'Loop Hero', 27, 1, 9, 24, 23, 64),
(64, 'Loop Hero', 27, 3, 9, 24, 23, 64),
(64, 'Loop Hero', 37, 1, 9, 24, 23, 64),
(64, 'Loop Hero', 37, 3, 9, 24, 23, 64),

(65, 'Back 4 Blood', 5, 1, 39, 92, 73, 65),
(65, 'Back 4 Blood', 5, 3, 39, 92, 73, 65),
(65, 'Back 4 Blood', 5, 8, 39, 92, 73, 65),
(65, 'Back 4 Blood', 5, 12, 39, 92, 73, 65),
(65, 'Back 4 Blood', 5, 13, 39, 92, 73, 65),
(65, 'Back 4 Blood', 5, 7, 39, 92, 73, 65),
(65, 'Back 4 Blood', 5, 11, 39, 92, 73, 65),
(65, 'Back 4 Blood', 30, 1, 39, 92, 73, 65),
(65, 'Back 4 Blood', 30, 3, 39, 92, 73, 65),
(65, 'Back 4 Blood', 30, 8, 39, 92, 73, 65),
(65, 'Back 4 Blood', 30, 12, 39, 92, 73, 65),
(65, 'Back 4 Blood', 30, 13, 39, 92, 73, 65),
(65, 'Back 4 Blood', 30, 7, 39, 92, 73, 65),
(65, 'Back 4 Blood', 30, 11, 39, 92, 73, 65),
(65, 'Back 4 Blood', 13, 1, 39, 92, 73, 65),
(65, 'Back 4 Blood', 13, 3, 39, 92, 73, 65),
(65, 'Back 4 Blood', 13, 8, 39, 92, 73, 65),
(65, 'Back 4 Blood', 13, 12, 39, 92, 73, 65),
(65, 'Back 4 Blood', 13, 13, 39, 92, 73, 65),
(65, 'Back 4 Blood', 13, 7, 39, 92, 73, 65),
(65, 'Back 4 Blood', 13, 11, 39, 92, 73, 65),

(66, 'Scarlet Nexus', 1, 1, 39, 6, 8, 66),
(66, 'Scarlet Nexus', 1, 3, 39, 6, 8, 66),
(66, 'Scarlet Nexus', 1, 8, 39, 6, 8, 66),
(66, 'Scarlet Nexus', 1, 12, 39, 6, 8, 66),
(66, 'Scarlet Nexus', 1, 13, 39, 6, 8, 66),
(66, 'Scarlet Nexus', 1, 7, 39, 6, 8, 66),
(66, 'Scarlet Nexus', 1, 11, 39, 6, 8, 66),
(66, 'Scarlet Nexus', 27, 1, 39, 6, 8, 66),
(66, 'Scarlet Nexus', 27, 3, 39, 6, 8, 66),
(66, 'Scarlet Nexus', 27, 8, 39, 6, 8, 66),
(66, 'Scarlet Nexus', 27, 12, 39, 6, 8, 66),
(66, 'Scarlet Nexus', 27, 13, 39, 6, 8, 66),
(66, 'Scarlet Nexus', 27, 7, 39, 6, 8, 66),
(66, 'Scarlet Nexus', 27, 11, 39, 6, 8, 66),

(67, 'F1 2021', 24, 1, 11, 16, 24, 67),
(67, 'F1 2021', 24, 3, 11, 16, 24, 67),
(67, 'F1 2021', 24, 8, 11, 16, 24, 67),
(67, 'F1 2021', 24, 12, 11, 16, 24, 67),
(67, 'F1 2021', 24, 13, 11, 16, 24, 67),
(67, 'F1 2021', 24, 7, 11, 16, 24, 67),
(67, 'F1 2021', 24, 11, 11, 16, 24, 67),
(67, 'F1 2021', 31, 1, 11, 16, 24, 67),
(67, 'F1 2021', 31, 3, 11, 16, 24, 67),
(67, 'F1 2021', 31, 8, 11, 16, 24, 67),
(67, 'F1 2021', 31, 12, 11, 16, 24, 67),
(67, 'F1 2021', 31, 13, 11, 16, 24, 67),
(67, 'F1 2021', 31, 7, 11, 16, 24, 67),
(67, 'F1 2021', 31, 11, 11, 16, 24, 67),

(68, 'Chivalry 2', 19, 1, 39, 88, 68, 68),
(68, 'Chivalry 2', 19, 3, 39, 88, 68, 68),
(68, 'Chivalry 2', 19, 8, 39, 88, 68, 68),
(68, 'Chivalry 2', 19, 12, 39, 88, 68, 68),
(68, 'Chivalry 2', 19, 13, 39, 88, 68, 68),
(68, 'Chivalry 2', 19, 7, 39, 88, 68, 68),
(68, 'Chivalry 2', 19, 11, 39, 88, 68, 68),

(69, 'The Medium', 13, 1, 39, 11, 13, 69),
(69, 'The Medium', 13, 3, 39, 11, 13, 69),
(69, 'The Medium', 13, 12, 39, 11, 13, 69),
(69, 'The Medium', 13, 13, 39, 11, 13, 69),
(69, 'The Medium', 23, 1, 39, 11, 13, 69),
(69, 'The Medium', 23, 3, 39, 11, 13, 69),
(69, 'The Medium', 23, 12, 39, 11, 13, 69),
(69, 'The Medium', 23, 13, 39, 11, 13, 69),

(70, 'Little Nightmares II', 13, 1, 39, 83, 8, 70),
(70, 'Little Nightmares II', 13, 3, 39, 83, 8, 70),
(70, 'Little Nightmares II', 13, 8, 39, 83, 8, 70),
(70, 'Little Nightmares II', 13, 12, 39, 83, 8, 70),
(70, 'Little Nightmares II', 13, 13, 39, 83, 8, 70),
(70, 'Little Nightmares II', 13, 7, 39, 83, 8, 70),
(70, 'Little Nightmares II', 13, 11, 39, 83, 8, 70),
(70, 'Little Nightmares II', 13, 20, 39, 83, 8, 70),
(70, 'Little Nightmares II', 13, 21, 39, 83, 8, 70),
(70, 'Little Nightmares II', 23, 1, 39, 83, 8, 70),
(70, 'Little Nightmares II', 23, 3, 39, 83, 8, 70),
(70, 'Little Nightmares II', 23, 8, 39, 83, 8, 70),
(70, 'Little Nightmares II', 23, 12, 39, 83, 8, 70),
(70, 'Little Nightmares II', 23, 13, 39, 83, 8, 70),
(70, 'Little Nightmares II', 23, 7, 39, 83, 8, 70),
(70, 'Little Nightmares II', 23, 11, 39, 83, 8, 70),
(70, 'Little Nightmares II', 23, 20, 39, 83, 8, 70),
(70, 'Little Nightmares II', 23, 21, 39, 83, 8, 70),
(70, 'Little Nightmares II', 22, 1, 39, 83, 8, 70),
(70, 'Little Nightmares II', 22, 3, 39, 83, 8, 70),
(70, 'Little Nightmares II', 22, 8, 39, 83, 8, 70),
(70, 'Little Nightmares II', 22, 12, 39, 83, 8, 70),
(70, 'Little Nightmares II', 22, 13, 39, 83, 8, 70),
(70, 'Little Nightmares II', 22, 7, 39, 83, 8, 70),
(70, 'Little Nightmares II', 22, 11, 39, 83, 8, 70),
(70, 'Little Nightmares II', 22, 20, 39, 83, 8, 70),
(70, 'Little Nightmares II', 22, 21, 39, 83, 8, 70),

(71, """Crash Bandicoot 4: It's About Time""", 22, 8, 39, 89, 3, 71),
(71, """Crash Bandicoot 4: It's About Time""", 22, 12, 39, 89, 3, 71),
(71, """Crash Bandicoot 4: It's About Time""", 22, 13, 39, 89, 3, 71),
(71, """Crash Bandicoot 4: It's About Time""", 22, 7, 39, 89, 3, 71),
(71, """Crash Bandicoot 4: It's About Time""", 22, 11, 39, 89, 3, 71),
(71, """Crash Bandicoot 4: It's About Time""", 1, 8, 39, 89, 3, 71),
(71, """Crash Bandicoot 4: It's About Time""", 1, 12, 39, 89, 3, 71),
(71, """Crash Bandicoot 4: It's About Time""", 1, 13, 39, 89, 3, 71),
(71, """Crash Bandicoot 4: It's About Time""", 1, 7, 39, 89, 3, 71),
(71, """Crash Bandicoot 4: It's About Time""", 1, 11, 39, 89, 3, 71),
(71, """Crash Bandicoot 4: It's About Time""", 2, 8, 39, 89, 3, 71),
(71, """Crash Bandicoot 4: It's About Time""", 2, 12, 39, 89, 3, 71),
(71, """Crash Bandicoot 4: It's About Time""", 2, 13, 39, 89, 3, 71),
(71, """Crash Bandicoot 4: It's About Time""", 2, 7, 39, 89, 3, 71),
(71, """Crash Bandicoot 4: It's About Time""", 2, 11, 39, 89, 3, 71),

(72, 'Microsoft Flight Simulator', 31, 1, 2, 4, 77, 72),
(72, 'Microsoft Flight Simulator', 31, 3, 2, 4, 77, 72),

(73, """Tony Hawk's Pro Skater 1+2""", 34, 1, 37, 97, 3, 73),
(73, """Tony Hawk's Pro Skater 1+2""", 34, 3, 37, 97, 3, 73),
(73, """Tony Hawk's Pro Skater 1+2""", 34, 8, 37, 97, 3, 73),
(73, """Tony Hawk's Pro Skater 1+2""", 34, 12, 37, 97, 3, 73),
(73, """Tony Hawk's Pro Skater 1+2""", 34, 13, 37, 97, 3, 73),
(73, """Tony Hawk's Pro Skater 1+2""", 34, 7, 37, 97, 3, 73),
(73, """Tony Hawk's Pro Skater 1+2""", 34, 11, 37, 97, 3, 73),

(74, 'Spiritfarer', 14, 1, 8, 87, 66, 74),
(74, 'Spiritfarer', 14, 3, 8, 87, 66, 74),
(74, 'Spiritfarer', 14, 7, 8, 87, 66, 74),
(74, 'Spiritfarer', 14, 11, 8, 87, 66, 74),
(74, 'Spiritfarer', 14, 20, 8, 87, 66, 74),
(74, 'Spiritfarer', 14, 21, 8, 87, 66, 74),
(74, 'Spiritfarer', 31, 1, 8, 87, 66, 74),
(74, 'Spiritfarer', 31, 3, 8, 87, 66, 74),
(74, 'Spiritfarer', 31, 7, 8, 87, 66, 74),
(74, 'Spiritfarer', 31, 11, 8, 87, 66, 74),
(74, 'Spiritfarer', 31, 20, 8, 87, 66, 74),
(74, 'Spiritfarer', 31, 21, 8, 87, 66, 74),
(74, 'Spiritfarer', 2, 1, 8, 87, 66, 74),
(74, 'Spiritfarer', 2, 3, 8, 87, 66, 74),
(74, 'Spiritfarer', 2, 7, 8, 87, 66, 74),
(74, 'Spiritfarer', 2, 11, 8, 87, 66, 74),
(74, 'Spiritfarer', 2, 20, 8, 87, 66, 74),
(74, 'Spiritfarer', 2, 21, 8, 87, 66, 74),

(75, 'Desperados III', 37, 1, 36, 51, 65, 75),
(75, 'Desperados III', 37, 3, 36, 51, 65, 75),
(75, 'Desperados III', 37, 8, 36, 51, 65, 75),
(75, 'Desperados III', 37, 12, 36, 51, 65, 75),
(75, 'Desperados III', 37, 13, 36, 51, 65, 75),
(75, 'Desperados III', 37, 7, 36, 51, 65, 75),
(75, 'Desperados III', 37, 11, 36, 51, 65, 75),
(75, 'Desperados III', 35, 1, 36, 51, 65, 75),
(75, 'Desperados III', 35, 3, 36, 51, 65, 75),
(75, 'Desperados III', 35, 8, 36, 51, 65, 75),
(75, 'Desperados III', 35, 12, 36, 51, 65, 75),
(75, 'Desperados III', 35, 13, 36, 51, 65, 75),
(75, 'Desperados III', 35, 7, 36, 51, 65, 75),
(75, 'Desperados III', 35, 11, 36, 51, 65, 75),

(76, 'Ratchet & Clank: Rift Apart', 1, 8, 36, 37, 57, 76),
(76, 'Ratchet & Clank: Rift Apart', 2, 8, 36, 37, 57, 76),
(76, 'Ratchet & Clank: Rift Apart', 22, 8, 36, 37, 57, 76),

(77, 'Resident Evil 3 Remake', 39, 1, 42, 14, 15, 77),
(77, 'Resident Evil 3 Remake', 39, 3, 42, 14, 15, 77),
(77, 'Resident Evil 3 Remake', 39, 7, 42, 14, 15, 77),
(77, 'Resident Evil 3 Remake', 39, 11, 42, 14, 15, 77),
(77, 'Resident Evil 3 Remake', 13, 1, 42, 14, 15, 77),
(77, 'Resident Evil 3 Remake', 13, 3, 42, 14, 15, 77),
(77, 'Resident Evil 3 Remake', 13, 7, 42, 14, 15, 77),
(77, 'Resident Evil 3 Remake', 13, 11, 42, 14, 15, 77),

(78, 'Ghostrunner', 1, 1, 29, 63, 2, 78),
(78, 'Ghostrunner', 1, 3, 29, 63, 2, 78),
(78, 'Ghostrunner', 1, 8, 29, 63, 2, 78),
(78, 'Ghostrunner', 1, 12, 29, 63, 2, 78),
(78, 'Ghostrunner', 1, 13, 29, 63, 2, 78),
(78, 'Ghostrunner', 1, 7, 29, 63, 2, 78),
(78, 'Ghostrunner', 1, 11, 29, 63, 2, 78),
(78, 'Ghostrunner', 22, 1, 29, 63, 2, 78),
(78, 'Ghostrunner', 22, 3, 29, 63, 2, 78),
(78, 'Ghostrunner', 22, 8, 29, 63, 2, 78),
(78, 'Ghostrunner', 22, 12, 29, 63, 2, 78),
(78, 'Ghostrunner', 22, 13, 29, 63, 2, 78),
(78, 'Ghostrunner', 22, 7, 29, 63, 2, 78),
(78, 'Ghostrunner', 22, 11, 29, 63, 2, 78),

(79, """Marvel's Avengers""", 1, 1, 39, 18, 59, 79),
(79, """Marvel's Avengers""", 1, 3, 39, 18, 59, 79),
(79, """Marvel's Avengers""", 1, 8, 39, 18, 59, 79),
(79, """Marvel's Avengers""", 1, 12, 39, 18, 59, 79),
(79, """Marvel's Avengers""", 1, 13, 39, 18, 59, 79),
(79, """Marvel's Avengers""", 1, 7, 39, 18, 59, 79),
(79, """Marvel's Avengers""", 1, 11, 39, 18, 59, 79),

(80, 'Carrrion', 13, 1, 9, 64, 23, 80),
(80, 'Carrrion', 13, 3, 9, 64, 23, 80),
(80, 'Carrrion', 13, 7, 9, 64, 23, 80),
(80, 'Carrrion', 13, 11, 9, 64, 23, 80),
(80, 'Carrrion', 13, 20, 9, 64, 23, 80),
(80, 'Carrrion', 13, 21, 9, 64, 23, 80),
(80, 'Carrrion', 1, 1, 9, 64, 23, 80),
(80, 'Carrrion', 1, 3, 9, 64, 23, 80),
(80, 'Carrrion', 1, 7, 9, 64, 23, 80),
(80, 'Carrrion', 1, 11, 9, 64, 23, 80),
(80, 'Carrrion', 1, 20, 9, 64, 23, 80),
(80, 'Carrrion', 1, 21, 9, 64, 23, 80),
(80, 'Carrrion', 14, 1, 9, 64, 23, 80),
(80, 'Carrrion', 14, 3, 9, 64, 23, 80),
(80, 'Carrrion', 14, 7, 9, 64, 23, 80),
(80, 'Carrrion', 14, 11, 9, 64, 23, 80),
(80, 'Carrrion', 14, 20, 9, 64, 23, 80),
(80, 'Carrrion', 14, 21, 9, 64, 23, 80),

(81, 'Manifold Garden', 23, 1, 36, 99, 74, 81),
(81, 'Manifold Garden', 23, 3, 36, 99, 74, 81),
(81, 'Manifold Garden', 23, 8, 36, 99, 74, 81),
(81, 'Manifold Garden', 23, 12, 36, 99, 74, 81),
(81, 'Manifold Garden', 23, 13, 36, 99, 74, 81),
(81, 'Manifold Garden', 23, 7, 36, 99, 74, 81),
(81, 'Manifold Garden', 23, 11, 36, 99, 74, 81),
(81, 'Manifold Garden', 23, 20, 36, 99, 74, 81),
(81, 'Manifold Garden', 23, 21, 36, 99, 74, 81),
(81, 'Manifold Garden', 14, 1, 36, 99, 74, 81),
(81, 'Manifold Garden', 14, 3, 36, 99, 74, 81),
(81, 'Manifold Garden', 14, 8, 36, 99, 74, 81),
(81, 'Manifold Garden', 14, 12, 36, 99, 74, 81),
(81, 'Manifold Garden', 14, 13, 36, 99, 74, 81),
(81, 'Manifold Garden', 14, 7, 36, 99, 74, 81),
(81, 'Manifold Garden', 14, 11, 36, 99, 74, 81),
(81, 'Manifold Garden', 14, 20, 36, 99, 74, 81),
(81, 'Manifold Garden', 14, 21, 36, 99, 74, 81),

(82, 'The Last of Us Part II', 1, 7, 23, 57, 57, 82),
(82, 'The Last of Us Part II', 1, 8, 23, 57, 57, 82),
(82, 'The Last of Us Part II', 2, 7, 23, 57, 57, 82),
(82, 'The Last of Us Part II', 2, 8, 23, 57, 57, 82),
(82, 'The Last of Us Part II', 39, 7, 23, 57, 57, 82),
(82, 'The Last of Us Part II', 39, 8, 23, 57, 57, 82),
(82, 'The Last of Us Part II', 13, 7, 23, 57, 57, 82),
(82, 'The Last of Us Part II', 13, 8, 23, 57, 57, 82),

(83, 'Animal Crossing: New Horizons', 31, 20, 24, 61, 45, 83),
(83, 'Animal Crossing: New Horizons', 31, 21, 24, 61, 45, 83),
(83, 'Animal Crossing: New Horizons', 1, 20, 24, 61, 45, 83),
(83, 'Animal Crossing: New Horizons', 1, 21, 24, 61, 45, 83),

(84, 'Call of Duty: Black Ops Cold War', 10, 1, 17, 91, 3, 84),
(84, 'Call of Duty: Black Ops Cold War', 10, 3, 17, 91, 3, 84),
(84, 'Call of Duty: Black Ops Cold War', 10, 8, 17, 91, 3, 84),
(84, 'Call of Duty: Black Ops Cold War', 10, 12, 17, 91, 3, 84),
(84, 'Call of Duty: Black Ops Cold War', 10, 13, 17, 91, 3, 84),
(84, 'Call of Duty: Black Ops Cold War', 10, 7, 17, 91, 3, 84),
(84, 'Call of Duty: Black Ops Cold War', 10, 11, 17, 91, 3, 84),
(84, 'Call of Duty: Black Ops Cold War', 1, 1, 17, 91, 3, 84),
(84, 'Call of Duty: Black Ops Cold War', 1, 3, 17, 91, 3, 84),
(84, 'Call of Duty: Black Ops Cold War', 1, 8, 17, 91, 3, 84),
(84, 'Call of Duty: Black Ops Cold War', 1, 12, 17, 91, 3, 84),
(84, 'Call of Duty: Black Ops Cold War', 1, 13, 17, 91, 3, 84),
(84, 'Call of Duty: Black Ops Cold War', 1, 7, 17, 91, 3, 84),
(84, 'Call of Duty: Black Ops Cold War', 1, 11, 17, 91, 3, 84),
(84, 'Call of Duty: Black Ops Cold War', 30, 1, 17, 91, 3, 84),
(84, 'Call of Duty: Black Ops Cold War', 30, 3, 17, 91, 3, 84),
(84, 'Call of Duty: Black Ops Cold War', 30, 8, 17, 91, 3, 84),
(84, 'Call of Duty: Black Ops Cold War', 30, 12, 17, 91, 3, 84),
(84, 'Call of Duty: Black Ops Cold War', 30, 13, 17, 91, 3, 84),
(84, 'Call of Duty: Black Ops Cold War', 30, 7, 17, 91, 3, 84),
(84, 'Call of Duty: Black Ops Cold War', 30, 11, 17, 91, 3, 84),

(85, """Demon's Souls Remake""", 1, 8, 4, 12, 57, 85),
(85, """Demon's Souls Remake""", 27, 8, 4, 12, 57, 85),

(86, 'Fuser', 31, 1, 8, 31, 43, 86),
(86, 'Fuser', 31, 3, 8, 31, 43, 86),
(86, 'Fuser', 31, 7, 8, 31, 43, 86),
(86, 'Fuser', 31, 11, 8, 31, 43, 86),
(86, 'Fuser', 31, 20, 8, 31, 43, 86),
(86, 'Fuser', 31, 21, 8, 31, 43, 86),

(87, 'Mortal Kombat 11', 1, 1, 39, 58, 73, 87),
(87, 'Mortal Kombat 11', 1, 3, 39, 58, 73, 87),
(87, 'Mortal Kombat 11', 1, 8, 39, 58, 73, 87),
(87, 'Mortal Kombat 11', 1, 12, 39, 58, 73, 87),
(87, 'Mortal Kombat 11', 1, 13, 39, 58, 73, 87),
(87, 'Mortal Kombat 11', 1, 7, 39, 58, 73, 87),
(87, 'Mortal Kombat 11', 1, 11, 39, 58, 73, 87),
(87, 'Mortal Kombat 11', 1, 20, 39, 58, 73, 87),
(87, 'Mortal Kombat 11', 1, 21, 39, 58, 73, 87),

(88, 'Control', 1, 1, 38, 70, 2, 88),
(88, 'Control', 1, 3, 38, 70, 2, 88),
(88, 'Control', 1, 8, 38, 70, 2, 88),
(88, 'Control', 1, 12, 38, 70, 2, 88),
(88, 'Control', 1, 13, 38, 70, 2, 88),
(88, 'Control', 1, 7, 38, 70, 2, 88),
(88, 'Control', 1, 11, 38, 70, 2, 88),
(88, 'Control', 2, 1, 38, 70, 2, 88),
(88, 'Control', 2, 3, 38, 70, 2, 88),
(88, 'Control', 2, 8, 38, 70, 2, 88),
(88, 'Control', 2, 12, 38, 70, 2, 88),
(88, 'Control', 2, 13, 38, 70, 2, 88),
(88, 'Control', 2, 7, 38, 70, 2, 88),
(88, 'Control', 2, 11, 38, 70, 2, 88),
(88, 'Control', 38, 1, 38, 70, 2, 88),
(88, 'Control', 38, 3, 38, 70, 2, 88),
(88, 'Control', 38, 8, 38, 70, 2, 88),
(88, 'Control', 38, 12, 38, 70, 2, 88),
(88, 'Control', 38, 13, 38, 70, 2, 88),
(88, 'Control', 38, 7, 38, 70, 2, 88),
(88, 'Control', 38, 11, 38, 70, 2, 88),

(89, 'Final Fantasy VII Remake', 1, 8, 43, 79, 59, 89),
(89, 'Final Fantasy VII Remake', 1, 7, 43, 79, 59, 89),
(89, 'Final Fantasy VII Remake', 27, 8, 43, 79, 59, 89),
(89, 'Final Fantasy VII Remake', 27, 7, 43, 79, 59, 89),

(90, """Hellblade: Senua's Sacrafice""", 1, 1, 39, 60, 44, 90),
(90, """Hellblade: Senua's Sacrafice""", 1, 3, 39, 60, 44, 90),
(90, """Hellblade: Senua's Sacrafice""", 1, 8, 39, 60, 44, 90),
(90, """Hellblade: Senua's Sacrafice""", 1, 12, 39, 60, 44, 90),
(90, """Hellblade: Senua's Sacrafice""", 1, 13, 39, 60, 44, 90),
(90, """Hellblade: Senua's Sacrafice""", 1, 7, 39, 60, 44, 90),
(90, """Hellblade: Senua's Sacrafice""", 1, 11, 39, 60, 44, 90),
(90, """Hellblade: Senua's Sacrafice""", 1, 20, 39, 60, 44, 90),
(90, """Hellblade: Senua's Sacrafice""", 1, 21, 39, 60, 44, 90),
(90, """Hellblade: Senua's Sacrafice""", 2, 1, 39, 60, 44, 90),
(90, """Hellblade: Senua's Sacrafice""", 2, 3, 39, 60, 44, 90),
(90, """Hellblade: Senua's Sacrafice""", 2, 8, 39, 60, 44, 90),
(90, """Hellblade: Senua's Sacrafice""", 2, 12, 39, 60, 44, 90),
(90, """Hellblade: Senua's Sacrafice""", 2, 13, 39, 60, 44, 90),
(90, """Hellblade: Senua's Sacrafice""", 2, 7, 39, 60, 44, 90),
(90, """Hellblade: Senua's Sacrafice""", 2, 11, 39, 60, 44, 90),
(90, """Hellblade: Senua's Sacrafice""", 2, 20, 39, 60, 44, 90),
(90, """Hellblade: Senua's Sacrafice""", 2, 21, 39, 60, 44, 90),
(90, """Hellblade: Senua's Sacrafice""", 13, 1, 39, 60, 44, 90),
(90, """Hellblade: Senua's Sacrafice""", 13, 3, 39, 60, 44, 90),
(90, """Hellblade: Senua's Sacrafice""", 13, 8, 39, 60, 44, 90),
(90, """Hellblade: Senua's Sacrafice""", 13, 12, 39, 60, 44, 90),
(90, """Hellblade: Senua's Sacrafice""", 13, 13, 39, 60, 44, 90),
(90, """Hellblade: Senua's Sacrafice""", 13, 7, 39, 60, 44, 90),
(90, """Hellblade: Senua's Sacrafice""", 13, 11, 39, 60, 44, 90),
(90, """Hellblade: Senua's Sacrafice""", 13, 20, 39, 60, 44, 90),
(90, """Hellblade: Senua's Sacrafice""", 13, 21, 39, 60, 44, 90),

(91, 'New World', 17, 1, 39, 60, 44, 90),
(91, 'New World', 17, 3, 39, 60, 44, 90),
(91, 'New World', 39, 1, 39, 60, 44, 90),
(91, 'New World', 39, 3, 39, 60, 44, 90),

(92, 'Subnautica: Below Zero', 39, 1, 36, 95, 70, 92),
(92, 'Subnautica: Below Zero', 39, 3, 36, 95, 70, 92),
(92, 'Subnautica: Below Zero', 39, 8, 36, 95, 70, 92),
(92, 'Subnautica: Below Zero', 39, 12, 36, 95, 70, 92),
(92, 'Subnautica: Below Zero', 39, 13, 36, 95, 70, 92),
(92, 'Subnautica: Below Zero', 39, 7, 36, 95, 70, 92),
(92, 'Subnautica: Below Zero', 39, 11, 36, 95, 70, 92),
(92, 'Subnautica: Below Zero', 39, 20, 36, 95, 70, 92),
(92, 'Subnautica: Below Zero', 39, 21, 36, 95, 70, 92),
(92, 'Subnautica: Below Zero', 2, 1, 36, 95, 70, 92),
(92, 'Subnautica: Below Zero', 2, 3, 36, 95, 70, 92),
(92, 'Subnautica: Below Zero', 2, 8, 36, 95, 70, 92),
(92, 'Subnautica: Below Zero', 2, 12, 36, 95, 70, 92),
(92, 'Subnautica: Below Zero', 2, 13, 36, 95, 70, 92),
(92, 'Subnautica: Below Zero', 2, 7, 36, 95, 70, 92),
(92, 'Subnautica: Below Zero', 2, 11, 36, 95, 70, 92),
(92, 'Subnautica: Below Zero', 2, 20, 36, 95, 70, 92),
(92, 'Subnautica: Below Zero', 2, 21, 36, 95, 70, 92),

(93, 'Forza Horizon 5', 24, 1, 36, 95, 70, 92),
(93, 'Forza Horizon 5', 24, 3, 36, 95, 70, 92),
(93, 'Forza Horizon 5', 24, 12, 36, 95, 70, 92),
(93, 'Forza Horizon 5', 24, 13, 36, 95, 70, 92),
(93, 'Forza Horizon 5', 24, 11, 36, 95, 70, 92),
(93, 'Forza Horizon 5', 21, 1, 36, 95, 70, 92),
(93, 'Forza Horizon 5', 21, 3, 36, 95, 70, 92),
(93, 'Forza Horizon 5', 21, 12, 36, 95, 70, 92),
(93, 'Forza Horizon 5', 21, 13, 36, 95, 70, 92),
(93, 'Forza Horizon 5', 21, 11, 36, 95, 70, 92),

(94, 'Returnal', 1, 8, 39, 104, 57, 94),
(94, 'Returnal', 25, 8, 39, 104, 57, 94),
(94, 'Returnal', 29, 8, 39, 104, 57, 94);